,Moody's Seasoned Aaa Corporate Bond Yield,Moody's Seasoned Baa Corporate Bond Yield,Civilian Labor Force Participation Rate,20-Year Treasury Constant Maturity Rate,3-Year Treasury Constant Maturity Rate,Long-Term Government Bond Yields: 10-year: Main (Including Benchmark),M1 Money Stock,"Crude Oil Prices: West Texas Intermediate (WTI) - Cushing, Oklahoma",Producer Price Index for All Commodities,Capacity Utilization: Total Industry,Total Vehicle Sales
DATE,AAA,BAA,CIVPART,GS20,GS3,IRLTLT01USM156N,M1SL,MCOILWTICO,PPIACO,TCU,TOTALSA
1913-01-01,,,,,,,,,12.1,,
1913-02-01,,,,,,,,,12.0,,
1913-03-01,,,,,,,,,12.0,,
1913-04-01,,,,,,,,,12.0,,
1913-05-01,,,,,,,,,11.9,,
1913-06-01,,,,,,,,,11.9,,
1913-07-01,,,,,,,,,12.0,,
1913-08-01,,,,,,,,,12.0,,
1913-09-01,,,,,,,,,12.2,,
1913-10-01,,,,,,,,,12.2,,
1913-11-01,,,,,,,,,12.1,,
1913-12-01,,,,,,,,,11.9,,
1914-01-01,,,,,,,,,11.8,,
1914-02-01,,,,,,,,,11.8,,
1914-03-01,,,,,,,,,11.7,,
1914-04-01,,,,,,,,,11.7,,
1914-05-01,,,,,,,,,11.6,,
1914-06-01,,,,,,,,,11.6,,
1914-07-01,,,,,,,,,11.6,,
1914-08-01,,,,,,,,,12.0,,
1914-09-01,,,,,,,,,12.1,,
1914-10-01,,,,,,,,,11.7,,
1914-11-01,,,,,,,,,11.7,,
1914-12-01,,,,,,,,,11.6,,
1915-01-01,,,,,,,,,11.8,,
1915-02-01,,,,,,,,,11.8,,
1915-03-01,,,,,,,,,11.8,,
1915-04-01,,,,,,,,,11.8,,
1915-05-01,,,,,,,,,11.9,,
1915-06-01,,,,,,,,,11.8,,
1915-07-01,,,,,,,,,11.9,,
1915-08-01,,,,,,,,,11.8,,
1915-09-01,,,,,,,,,11.8,,
1915-10-01,,,,,,,,,12.1,,
1915-11-01,,,,,,,,,12.3,,
1915-12-01,,,,,,,,,12.8,,
1916-01-01,,,,,,,,,13.3,,
1916-02-01,,,,,,,,,13.5,,
1916-03-01,,,,,,,,,13.9,,
1916-04-01,,,,,,,,,14.1,,
1916-05-01,,,,,,,,,14.2,,
1916-06-01,,,,,,,,,14.3,,
1916-07-01,,,,,,,,,14.4,,
1916-08-01,,,,,,,,,14.7,,
1916-09-01,,,,,,,,,15.0,,
1916-10-01,,,,,,,,,15.7,,
1916-11-01,,,,,,,,,16.8,,
1916-12-01,,,,,,,,,17.1,,
1917-01-01,,,,,,,,,17.6,,
1917-02-01,,,,,,,,,18.0,,
1917-03-01,,,,,,,,,18.5,,
1917-04-01,,,,,,,,,19.7,,
1917-05-01,,,,,,,,,20.8,,
1917-06-01,,,,,,,,,21.0,,
1917-07-01,,,,,,,,,21.2,,
1917-08-01,,,,,,,,,21.5,,
1917-09-01,,,,,,,,,21.3,,
1917-10-01,,,,,,,,,21.1,,
1917-11-01,,,,,,,,,21.2,,
1917-12-01,,,,,,,,,21.2,,
1918-01-01,,,,,,,,,21.6,,
1918-02-01,,,,,,,,,21.1,,
1918-03-01,,,,,,,,,21.8,,
1918-04-01,,,,,,,,,22.1,,
1918-05-01,,,,,,,,,22.1,,
1918-06-01,,,,,,,,,22.2,,
1918-07-01,,,,,,,,,22.7,,
1918-08-01,,,,,,,,,23.2,,
1918-09-01,,,,,,,,,23.7,,
1918-10-01,,,,,,,,,23.5,,
1918-11-01,,,,,,,,,23.5,,
1918-12-01,,,,,,,,,23.5,,
1919-01-01,5.35,7.12,,,,,,,23.2,,
1919-02-01,5.35,7.20,,,,,,,22.4,,
1919-03-01,5.39,7.15,,,,,,,22.6,,
1919-04-01,5.44,7.23,,,,,,,22.9,,
1919-05-01,5.39,7.09,,,,,,,23.3,,
1919-06-01,5.40,7.04,,,,,,,23.4,,
1919-07-01,5.44,7.06,,,,,,,24.3,,
1919-08-01,5.56,7.13,,,,,,,24.9,,
1919-09-01,5.60,7.27,,,,,,,24.3,,
1919-10-01,5.54,7.34,,,,,,,24.4,,
1919-11-01,5.66,7.54,,,,,,,24.9,,
1919-12-01,5.73,7.77,,,,,,,26.0,,
1920-01-01,5.75,7.78,,,,,,,27.2,,
1920-02-01,5.86,7.94,,,,,,,27.1,,
1920-03-01,5.92,7.97,,,,,,,27.3,,
1920-04-01,6.04,8.17,,,,,,,28.5,,
1920-05-01,6.25,8.39,,,,,,,28.8,,
1920-06-01,6.38,8.39,,,,,,,28.7,,
1920-07-01,6.34,8.52,,,,,,,28.6,,
1920-08-01,6.30,8.39,,,,,,,27.8,,
1920-09-01,6.22,8.14,,,,,,,26.8,,
1920-10-01,6.05,7.99,,,,,,,24.9,,
1920-11-01,6.08,8.21,,,,,,,23.0,,
1920-12-01,6.26,8.56,,,,,,,20.8,,
1921-01-01,6.14,8.50,,,,,,,19.6,,
1921-02-01,6.08,8.42,,,,,,,18.1,,
1921-03-01,6.08,8.55,,,,,,,17.7,,
1921-04-01,6.06,8.53,,,,,,,17.0,,
1921-05-01,6.11,8.52,,,,,,,16.6,,
1921-06-01,6.18,8.56,,,,,,,16.1,,
1921-07-01,6.12,8.48,,,,,,,16.1,,
1921-08-01,5.99,8.51,,,,,,,16.1,,
1921-09-01,5.93,8.34,,,,,,,16.1,,
1921-10-01,5.84,8.34,,,,,,,16.2,,
1921-11-01,5.60,7.88,,,,,,,16.2,,
1921-12-01,5.50,7.61,,,,,,,16.0,,
1922-01-01,5.34,7.70,,,,,,,15.7,,
1922-02-01,5.29,7.55,,,,,,,16.0,,
1922-03-01,5.23,7.45,,,,,,,16.0,,
1922-04-01,5.15,7.14,,,,,,,16.1,,
1922-05-01,5.13,6.89,,,,,,,16.6,,
1922-06-01,5.08,6.97,,,,,,,16.6,,
1922-07-01,5.00,6.89,,,,,,,17.1,,
1922-08-01,4.96,6.85,,,,,,,17.0,,
1922-09-01,4.93,6.75,,,,,,,17.1,,
1922-10-01,4.97,6.78,,,,,,,17.2,,
1922-11-01,5.09,6.98,,,,,,,17.3,,
1922-12-01,5.08,7.02,,,,,,,17.3,,
1923-01-01,5.04,6.98,,,,,,,17.6,,
1923-02-01,5.07,6.97,,,,,,,17.8,,
1923-03-01,5.13,7.09,,,,,,,18.0,,
1923-04-01,5.22,7.17,,,,,,,17.9,,
1923-05-01,5.16,7.17,,,,,,,17.5,,
1923-06-01,5.15,7.21,,,,,,,17.3,,
1923-07-01,5.14,7.34,,,,,,,17.0,,
1923-08-01,5.08,7.38,,,,,,,16.9,,
1923-09-01,5.12,7.38,,,,,,,17.2,,
1923-10-01,5.11,7.46,,,,,,,17.1,,
1923-11-01,5.09,7.40,,,,,,,17.0,,
1923-12-01,5.09,7.38,,,,,,,16.9,,
1924-01-01,5.09,7.24,,,,,,,17.2,,
1924-02-01,5.09,7.14,,,,,,,17.2,,
1924-03-01,5.10,7.08,,,,,,,17.0,,
1924-04-01,5.08,7.03,,,,,,,16.7,,
1924-05-01,5.04,6.97,,,,,,,16.5,,
1924-06-01,4.99,6.82,,,,,,,16.4,,
1924-07-01,4.95,6.67,,,,,,,16.5,,
1924-08-01,4.95,6.69,,,,,,,16.7,,
1924-09-01,4.95,6.73,,,,,,,16.7,,
1924-10-01,4.92,6.62,,,,,,,16.9,,
1924-11-01,4.94,6.54,,,,,,,17.1,,
1924-12-01,4.95,6.46,,,,,,,17.5,,
1925-01-01,4.95,6.44,,,,,,,17.7,,
1925-02-01,4.95,6.36,,,,,,,17.9,,
1925-03-01,4.91,6.36,,,,,,,17.9,,
1925-04-01,4.87,6.41,,,,,,,17.5,,
1925-05-01,4.83,6.30,,,,,,,17.5,,
1925-06-01,4.83,6.18,,,,,,,17.7,,
1925-07-01,4.87,6.20,,,,,,,18.0,,
1925-08-01,4.90,6.24,,,,,,,17.9,,
1925-09-01,4.87,6.20,,,,,,,17.8,,
1925-10-01,4.85,6.17,,,,,,,17.8,,
1925-11-01,4.84,6.17,,,,,,,18.0,,
1925-12-01,4.85,6.15,,,,,,,17.8,,
1926-01-01,4.82,6.09,,,,,,,17.8,,
1926-02-01,4.77,6.02,,,,,,,17.6,,
1926-03-01,4.79,6.05,,,,,,,17.3,,
1926-04-01,4.74,5.98,,,,,,,17.3,,
1926-05-01,4.71,5.86,,,,,,,17.3,,
1926-06-01,4.72,5.80,,,,,,,17.3,,
1926-07-01,4.71,5.79,,,,,,,17.1,,
1926-08-01,4.72,5.81,,,,,,,17.1,,
1926-09-01,4.72,5.79,,,,,,,17.2,,
1926-10-01,4.71,5.81,,,,,,,17.1,,
1926-11-01,4.68,5.77,,,,,,,17.0,,
1926-12-01,4.68,5.68,,,,,,,16.9,,
1927-01-01,4.66,5.61,,,,,,,16.4,,
1927-02-01,4.67,5.59,,,,,,,16.6,,
1927-03-01,4.62,5.54,,,,,,,16.5,,
1927-04-01,4.58,5.48,,,,,,,16.3,,
1927-05-01,4.57,5.50,,,,,,,16.2,,
1927-06-01,4.58,5.55,,,,,,,16.2,,
1927-07-01,4.60,5.55,,,,,,,16.2,,
1927-08-01,4.56,5.48,,,,,,,16.4,,
1927-09-01,4.54,5.42,,,,,,,16.6,,
1927-10-01,4.51,5.38,,,,,,,16.7,,
1927-11-01,4.49,5.35,,,,,,,16.6,,
1927-12-01,4.46,5.32,,,,,,,16.6,,
1928-01-01,4.46,5.35,,,,,,,16.6,,
1928-02-01,4.46,5.33,,,,,,,16.5,,
1928-03-01,4.46,5.32,,,,,,,16.5,,
1928-04-01,4.46,5.33,,,,,,,16.7,,
1928-05-01,4.49,5.42,,,,,,,16.8,,
1928-06-01,4.57,5.55,,,,,,,16.7,,
1928-07-01,4.61,5.58,,,,,,,16.8,,
1928-08-01,4.64,5.61,,,,,,,16.8,,
1928-09-01,4.61,5.59,,,,,,,17.0,,
1928-10-01,4.61,5.58,,,,,,,16.7,,
1928-11-01,4.58,5.55,,,,,,,16.5,,
1928-12-01,4.61,5.60,,,,,,,16.5,,
1929-01-01,4.62,5.63,,,,,,,16.5,,
1929-02-01,4.66,5.66,,,,,,,16.4,,
1929-03-01,4.70,5.79,,,,,,,16.6,,
1929-04-01,4.69,5.80,,,,,,,16.5,,
1929-05-01,4.70,5.80,,,,,,,16.3,,
1929-06-01,4.77,5.94,,,,,,,16.4,,
1929-07-01,4.77,5.95,,,,,,,16.6,,
1929-08-01,4.79,6.04,,,,,,,16.6,,
1929-09-01,4.80,6.12,,,,,,,16.6,,
1929-10-01,4.77,6.11,,,,,,,16.4,,
1929-11-01,4.76,6.03,,,,,,,16.1,,
1929-12-01,4.67,5.95,,,,,,,16.1,,
1930-01-01,4.66,5.92,,,,,,,15.9,,
1930-02-01,4.69,5.89,,,,,,,15.7,,
1930-03-01,4.62,5.73,,,,,,,15.5,,
1930-04-01,4.60,5.70,,,,,,,15.5,,
1930-05-01,4.60,5.72,,,,,,,15.3,,
1930-06-01,4.57,5.78,,,,,,,15.0,,
1930-07-01,4.52,5.77,,,,,,,14.5,,
1930-08-01,4.47,5.73,,,,,,,14.5,,
1930-09-01,4.42,5.65,,,,,,,14.5,,
1930-10-01,4.42,5.94,,,,,,,14.3,,
1930-11-01,4.47,6.25,,,,,,,14.0,,
1930-12-01,4.52,6.71,,,,,,,13.7,,
1931-01-01,4.42,6.41,,,,,,,13.5,,
1931-02-01,4.43,6.38,,,,,,,13.2,,
1931-03-01,4.39,6.44,,,,,,,13.1,,
1931-04-01,4.40,6.72,,,,,,,12.9,,
1931-05-01,4.37,7.15,,,,,,,12.6,,
1931-06-01,4.36,7.36,,,,,,,12.4,,
1931-07-01,4.36,7.08,,,,,,,12.4,,
1931-08-01,4.40,7.47,,,,,,,12.4,,
1931-09-01,4.55,8.07,,,,,,,12.3,,
1931-10-01,4.99,9.04,,,,,,,12.1,,
1931-11-01,4.94,8.93,,,,,,,12.1,,
1931-12-01,5.32,10.42,,,,,,,11.8,,
1932-01-01,5.20,9.13,,,,,,,11.6,,
1932-02-01,5.23,8.87,,,,,,,11.4,,
1932-03-01,4.98,8.83,,,,,,,11.4,,
1932-04-01,5.17,10.46,,,,,,,11.3,,
1932-05-01,5.36,11.00,,,,,,,11.1,,
1932-06-01,5.41,11.00,,,,,,,11.0,,
1932-07-01,5.26,10.79,,,,,,,11.1,,
1932-08-01,4.91,8.22,,,,,,,11.2,,
1932-09-01,4.70,7.61,,,,,,,11.3,,
1932-10-01,4.64,7.87,,,,,,,11.1,,
1932-11-01,4.63,8.24,,,,,,,11.0,,
1932-12-01,4.59,8.42,,,,,,,10.8,,
1933-01-01,4.44,8.01,,,,,,,10.5,,
1933-02-01,4.48,8.37,,,,,,,10.3,,
1933-03-01,4.68,8.91,,,,,,,10.4,,
1933-04-01,4.78,9.12,,,,,,,10.4,,
1933-05-01,4.63,7.74,,,,,,,10.8,,
1933-06-01,4.46,7.07,,,,,,,11.2,,
1933-07-01,4.36,6.62,,,,,,,11.9,,
1933-08-01,4.30,6.77,,,,,,,12.0,,
1933-09-01,4.36,7.27,,,,,,,12.2,,
1933-10-01,4.34,7.49,,,,,,,12.3,,
1933-11-01,4.54,7.98,,,,,,,12.3,,
1933-12-01,4.50,7.75,,,,,,,12.2,,
1934-01-01,4.35,7.01,,,,,,,12.4,,
1934-02-01,4.20,6.27,,,,,,,12.7,,
1934-03-01,4.13,6.26,,,,,,,12.7,,
1934-04-01,4.07,6.01,,,,,,,12.7,,
1934-05-01,4.01,6.05,,,,,,,12.7,,
1934-06-01,3.93,6.06,,,,,,,12.9,,
1934-07-01,3.89,6.13,,,,,,,12.9,,
1934-08-01,3.93,6.49,,,,,,,13.2,,
1934-09-01,3.96,6.57,,,,,,,13.4,,
1934-10-01,3.90,6.40,,,,,,,13.2,,
1934-11-01,3.86,6.37,,,,,,,13.2,,
1934-12-01,3.81,6.23,,,,,,,13.3,,
1935-01-01,3.77,5.98,,,,,,,13.6,,
1935-02-01,3.69,5.95,,,,,,,13.7,,
1935-03-01,3.67,6.20,,,,,,,13.7,,
1935-04-01,3.66,6.13,,,,,,,13.8,,
1935-05-01,3.65,5.94,,,,,,,13.8,,
1935-06-01,3.61,5.77,,,,,,,13.8,,
1935-07-01,3.56,5.67,,,,,,,13.7,,
1935-08-01,3.60,5.58,,,,,,,13.9,,
1935-09-01,3.59,5.53,,,,,,,13.9,,
1935-10-01,3.52,5.54,,,,,,,13.9,,
1935-11-01,3.47,5.43,,,,,,,13.9,,
1935-12-01,3.44,5.30,,,,,,,14.0,,
1936-01-01,3.37,5.00,,,,,,,13.9,,
1936-02-01,3.32,4.80,,,,,,,13.9,,
1936-03-01,3.29,4.86,,,,,,,13.7,,
1936-04-01,3.29,4.91,,,,,,,13.7,,
1936-05-01,3.27,4.94,,,,,,,13.5,,
1936-06-01,3.24,4.90,,,,,,,13.7,,
1936-07-01,3.23,4.84,,,,,,,13.9,,
1936-08-01,3.21,4.74,,,,,,,14.0,,
1936-09-01,3.18,4.62,,,,,,,14.0,,
1936-10-01,3.18,4.54,,,,,,,14.0,,
1936-11-01,3.15,4.52,,,,,,,14.2,,
1936-12-01,3.10,4.53,,,,,,,14.5,,
1937-01-01,3.10,4.49,,,,,,,14.8,,
1937-02-01,3.22,4.53,,,,,,,14.9,,
1937-03-01,3.32,4.68,,,,,,,15.1,,
1937-04-01,3.42,4.84,,,,,,,15.2,,
1937-05-01,3.33,4.84,,,,,,,15.1,,
1937-06-01,3.28,4.93,,,,,,,15.0,,
1937-07-01,3.25,4.91,,,,,,,15.2,,
1937-08-01,3.24,4.92,,,,,,,15.1,,
1937-09-01,3.28,5.16,,,,,,,15.1,,
1937-10-01,3.27,5.52,,,,,,,14.7,,
1937-11-01,3.24,5.82,,,,,,,14.4,,
1937-12-01,3.21,5.73,,,,,,,14.1,,
1938-01-01,3.17,5.89,,,,,,,14.0,,
1938-02-01,3.20,5.97,,,,,,,13.8,,
1938-03-01,3.22,6.30,,,,,,,13.7,,
1938-04-01,3.30,6.47,,,,,,,13.5,,
1938-05-01,3.22,6.06,,,,,,,13.5,,
1938-06-01,3.26,6.25,,,,,,,13.5,,
1938-07-01,3.22,5.63,,,,,,,13.6,,
1938-08-01,3.18,5.49,,,,,,,13.4,,
1938-09-01,3.21,5.65,,,,,,,13.5,,
1938-10-01,3.15,5.36,,,,,,,13.4,,
1938-11-01,3.10,5.23,,,,,,,13.4,,
1938-12-01,3.08,5.27,,,,,,,13.3,,
1939-01-01,3.01,5.12,,,,,,,13.3,,
1939-02-01,3.00,5.05,,,,,,,13.3,,
1939-03-01,2.99,4.89,,,,,,,13.2,,
1939-04-01,3.02,5.15,,,,,,,13.1,,
1939-05-01,2.97,5.07,,,,,,,13.1,,
1939-06-01,2.92,4.91,,,,,,,13.0,,
1939-07-01,2.89,4.84,,,,,,,13.0,,
1939-08-01,2.93,4.85,,,,,,,12.9,,
1939-09-01,3.25,5.00,,,,,,,13.6,,
1939-10-01,3.15,4.88,,,,,,,13.7,,
1939-11-01,3.00,4.85,,,,,,,13.6,,
1939-12-01,2.94,4.92,,,,,,,13.7,,
1940-01-01,2.88,4.86,,,,,,,13.7,,
1940-02-01,2.86,4.83,,,,,,,13.6,,
1940-03-01,2.84,4.80,,,,,,,13.5,,
1940-04-01,2.82,4.74,,,,,,,13.5,,
1940-05-01,2.93,4.94,,,,,,,13.5,,
1940-06-01,2.96,5.11,,,,,,,13.4,,
1940-07-01,2.88,4.80,,,,,,,13.4,,
1940-08-01,2.85,4.76,,,,,,,13.4,,
1940-09-01,2.82,4.66,,,,,,,13.4,,
1940-10-01,2.79,4.56,,,,,,,13.6,,
1940-11-01,2.75,4.48,,,,,,,13.7,,
1940-12-01,2.71,4.45,,,,,,,13.8,,
1941-01-01,2.75,4.38,,,,,,,13.9,,
1941-02-01,2.78,4.42,,,,,,,13.9,,
1941-03-01,2.80,4.38,,,,,,,14.0,,
1941-04-01,2.82,4.33,,,,,,,14.4,,
1941-05-01,2.81,4.32,,,,,,,14.6,,
1941-06-01,2.77,4.31,,,,,,,15.0,,
1941-07-01,2.74,4.28,,,,,,,15.3,,
1941-08-01,2.74,4.27,,,,,,,15.6,,
1941-09-01,2.75,4.30,,,,,,,15.8,,
1941-10-01,2.73,4.28,,,,,,,15.9,,
1941-11-01,2.72,4.28,,,,,,,15.9,,
1941-12-01,2.80,4.38,,,,,,,16.2,,
1942-01-01,2.83,4.29,,,,,,,16.5,,
1942-02-01,2.85,4.29,,,,,,,16.7,,
1942-03-01,2.86,4.30,,,,,,,16.8,,
1942-04-01,2.83,4.26,,,,,,,17.0,,
1942-05-01,2.85,4.27,,,,,,,17.0,,
1942-06-01,2.85,4.33,,,,,,,17.0,,
1942-07-01,2.83,4.30,,,,,,,17.0,,
1942-08-01,2.81,4.28,,,,,,,17.1,,
1942-09-01,2.80,4.26,,,,,,,17.2,,
1942-10-01,2.80,4.24,,,,,,,17.2,,
1942-11-01,2.79,4.25,,,,,,,17.3,,
1942-12-01,2.81,4.28,,,,,,,17.4,,
1943-01-01,2.79,4.16,,,,,,,17.5,,
1943-02-01,2.77,4.08,,,,,,,17.7,,
1943-03-01,2.76,4.01,,,,,,,17.8,,
1943-04-01,2.76,3.96,,,,,,,17.9,,
1943-05-01,2.74,3.91,,,,,,,17.9,,
1943-06-01,2.72,3.88,,,,,,,17.9,,
1943-07-01,2.69,3.81,,,,,,,17.8,,
1943-08-01,2.69,3.81,,,,,,,17.8,,
1943-09-01,2.69,3.83,,,,,,,17.8,,
1943-10-01,2.70,3.82,,,,,,,17.8,,
1943-11-01,2.71,3.83,,,,,,,17.7,,
1943-12-01,2.74,3.82,,,,,,,17.8,,
1944-01-01,2.72,3.76,,,,,,,17.8,,
1944-02-01,2.74,3.72,,,,,,,17.8,,
1944-03-01,2.74,3.70,,,,,,,17.9,,
1944-04-01,2.74,3.68,,,,,,,17.9,,
1944-05-01,2.73,3.63,,,,,,,17.9,,
1944-06-01,2.73,3.59,,,,,,,18.0,,
1944-07-01,2.72,3.57,,,,,,,17.9,,
1944-08-01,2.71,3.55,,,,,,,17.9,,
1944-09-01,2.72,3.56,,,,,,,17.9,,
1944-10-01,2.72,3.55,,,,,,,17.9,,
1944-11-01,2.72,3.53,,,,,,,18.0,,
1944-12-01,2.70,3.49,,,,,,,18.0,,
1945-01-01,2.69,3.46,,,,,,,18.1,,
1945-02-01,2.65,3.41,,,,,,,18.1,,
1945-03-01,2.62,3.38,,,,,,,18.1,,
1945-04-01,2.61,3.36,,,,,,,18.2,,
1945-05-01,2.62,3.32,,,,,,,18.3,,
1945-06-01,2.61,3.29,,,,,,,18.3,,
1945-07-01,2.60,3.26,,,,,,,18.3,,
1945-08-01,2.61,3.26,,,,,,,18.2,,
1945-09-01,2.62,3.24,,,,,,,18.1,,
1945-10-01,2.62,3.20,,,,,,,18.2,,
1945-11-01,2.62,3.15,,,,,,,18.4,,
1945-12-01,2.61,3.10,,,,,,,18.4,,
1946-01-01,2.54,3.01,,,,,,,18.4,,
1946-02-01,2.48,2.95,,,,,,,18.5,,
1946-03-01,2.47,2.94,,,,,,,18.8,,
1946-04-01,2.46,2.96,,,,,,,19.0,,
1946-05-01,2.51,3.02,,,,,,,19.1,,
1946-06-01,2.49,3.03,,,,,,,19.4,,
1946-07-01,2.48,3.03,,,,,,,21.5,,
1946-08-01,2.51,3.03,,,,,,,22.2,,
1946-09-01,2.58,3.10,,,,,,,21.4,,
1946-10-01,2.60,3.15,,,,,,,23.1,,
1946-11-01,2.59,3.17,,,,,,,24.1,,
1946-12-01,2.61,3.17,,,,,,,24.3,,
1947-01-01,2.57,3.13,,,,,,,24.5,,
1947-02-01,2.55,3.12,,,,,,,24.7,,
1947-03-01,2.55,3.15,,,,,,,25.3,,
1947-04-01,2.53,3.16,,,,,,,25.1,,
1947-05-01,2.53,3.17,,,,,,,25.0,,
1947-06-01,2.55,3.21,,,,,,,25.0,,
1947-07-01,2.55,3.18,,,,,,,25.3,,
1947-08-01,2.56,3.17,,,,,,,25.6,,
1947-09-01,2.61,3.23,,,,,,,26.1,,
1947-10-01,2.70,3.35,,,,,,,26.4,,
1947-11-01,2.77,3.44,,,,,,,26.7,,
1947-12-01,2.86,3.52,,,,,,,27.2,,
1948-01-01,2.86,3.52,58.6,,,,,,27.7,,
1948-02-01,2.85,3.53,58.9,,,,,,27.2,,
1948-03-01,2.83,3.53,58.5,,,,,,27.2,,
1948-04-01,2.78,3.47,59.0,,,,,,27.4,,
1948-05-01,2.76,3.38,58.3,,,,,,27.5,,
1948-06-01,2.76,3.34,59.2,,,,,,27.7,,
1948-07-01,2.81,3.37,59.3,,,,,,28.0,,
1948-08-01,2.84,3.44,58.9,,,,,,28.2,,
1948-09-01,2.84,3.45,58.9,,,,,,28.1,,
1948-10-01,2.84,3.50,58.7,,,,,,27.8,,
1948-11-01,2.84,3.53,58.7,,,,,,27.8,,
1948-12-01,2.79,3.53,59.1,,,,,,27.6,,
1949-01-01,2.71,3.46,58.7,,,,,,27.3,,
1949-02-01,2.71,3.45,59.0,,,,,,26.8,,
1949-03-01,2.70,3.47,58.9,,,,,,26.8,,
1949-04-01,2.70,3.45,58.8,,,,,,26.5,,
1949-05-01,2.71,3.45,59.0,,,,,,26.3,,
1949-06-01,2.71,3.47,58.6,,,,,,26.0,,
1949-07-01,2.67,3.46,58.9,,,,,,26.0,,
1949-08-01,2.62,3.40,59.2,,,,,,26.0,,
1949-09-01,2.60,3.37,59.1,,,,,,26.1,,
1949-10-01,2.61,3.36,59.6,,,,,,26.0,,
1949-11-01,2.60,3.35,59.4,,,,,,26.0,,
1949-12-01,2.58,3.31,59.2,,,,,,25.9,,
1950-01-01,2.57,3.24,58.9,,,,,,25.9,,
1950-02-01,2.58,3.24,58.9,,,,,,26.1,,
1950-03-01,2.58,3.24,58.8,,,,,,26.1,,
1950-04-01,2.60,3.23,59.2,,,,,,26.1,,
1950-05-01,2.61,3.25,59.1,,,,,,26.4,,
1950-06-01,2.62,3.28,59.4,,,,,,26.6,,
1950-07-01,2.65,3.32,59.1,,,,,,27.3,,
1950-08-01,2.61,3.23,59.5,,,,,,27.9,,
1950-09-01,2.64,3.21,59.2,,,,,,28.4,,
1950-10-01,2.67,3.22,59.4,,,,,,28.6,,
1950-11-01,2.67,3.22,59.3,,,,,,29.0,,
1950-12-01,2.67,3.20,59.2,,,,,,29.7,,
1951-01-01,2.66,3.17,59.1,,,,,,30.5,,
1951-02-01,2.66,3.16,59.1,,,,,,30.9,,
1951-03-01,2.78,3.23,59.8,,,,,,30.9,,
1951-04-01,2.87,3.35,59.1,,,,,,30.8,,
1951-05-01,2.89,3.40,59.4,,,,,,30.7,,
1951-06-01,2.94,3.49,59.0,,,,,,30.5,,
1951-07-01,2.94,3.53,59.4,,,,,,30.3,,
1951-08-01,2.88,3.50,59.2,,,,,,30.1,,
1951-09-01,2.84,3.46,59.1,,,,,,30.1,,
1951-10-01,2.89,3.50,59.4,,,,,,30.1,,
1951-11-01,2.96,3.56,59.2,,,,,,30.1,,
1951-12-01,3.01,3.61,59.6,,,,,,30.1,,
1952-01-01,2.98,3.59,59.5,,,,,,30.0,,
1952-02-01,2.93,3.53,59.5,,,,,,29.8,,
1952-03-01,2.96,3.51,58.9,,,,,,29.8,,
1952-04-01,2.93,3.50,58.8,,,,,,29.6,,
1952-05-01,2.93,3.49,59.1,,,,,,29.6,,
1952-06-01,2.94,3.50,59.1,,,,,,29.5,,
1952-07-01,2.95,3.50,58.9,,,,,,29.6,,
1952-08-01,2.94,3.51,58.7,,,,,,29.8,,
1952-09-01,2.95,3.52,59.2,,,,,,29.6,,
1952-10-01,3.01,3.54,58.7,,,,,,29.5,,
1952-11-01,2.98,3.53,59.1,,,,,,29.3,,
1952-12-01,2.97,3.51,59.2,,,,,,29.1,,
1953-01-01,3.02,3.51,59.5,,,,,,29.1,,
1953-02-01,3.07,3.53,59.5,,,,,,29.1,,
1953-03-01,3.12,3.57,59.6,,,,,,29.2,,
1953-04-01,3.23,3.65,59.1,3.08,2.51,,,,29.0,,
1953-05-01,3.34,3.78,58.6,3.18,2.72,,,,29.1,,
1953-06-01,3.40,3.86,58.9,3.21,2.74,,,,29.0,,
1953-07-01,3.28,3.86,58.9,3.12,2.62,,,,29.4,,
1953-08-01,3.24,3.85,58.6,3.10,2.58,,,,29.3,,
1953-09-01,3.29,3.88,58.5,3.07,2.56,,,,29.4,,
1953-10-01,3.16,3.82,58.5,2.95,2.23,,,,29.2,,
1953-11-01,3.11,3.75,58.6,2.95,2.20,,,,29.1,,
1953-12-01,3.13,3.74,58.3,2.89,2.07,,,,29.2,,
1954-01-01,3.06,3.71,58.6,2.80,1.89,,,,29.4,,
1954-02-01,2.95,3.61,59.3,2.72,1.63,,,,29.3,,
1954-03-01,2.86,3.51,59.1,2.61,1.59,,,,29.3,,
1954-04-01,2.85,3.47,59.2,2.60,1.54,,,,29.4,,
1954-05-01,2.88,3.47,58.9,2.66,1.56,,,,29.4,,
1954-06-01,2.90,3.49,58.5,2.64,1.53,,,,29.2,,
1954-07-01,2.89,3.50,58.4,2.57,1.47,,,,29.3,,
1954-08-01,2.87,3.49,58.7,2.58,1.49,,,,29.3,,
1954-09-01,2.89,3.47,59.2,2.60,1.60,,,,29.2,,
1954-10-01,2.87,3.46,58.8,2.61,1.72,,,,29.1,,
1954-11-01,2.89,3.45,58.6,2.65,1.75,,,,29.2,,
1954-12-01,2.90,3.45,58.1,2.67,1.81,,,,29.0,,
1955-01-01,2.93,3.45,58.6,2.75,1.99,,,,29.2,,
1955-02-01,2.93,3.47,58.4,2.83,2.12,,,,29.3,,
1955-03-01,3.02,3.48,58.5,2.84,2.26,,,,29.2,,
1955-04-01,3.01,3.49,59.0,2.85,2.37,,,,29.3,,
1955-05-01,3.04,3.50,58.8,2.87,2.37,,,,29.1,,
1955-06-01,3.05,3.51,58.8,2.86,2.39,,,,29.3,,
1955-07-01,3.06,3.52,59.3,2.94,2.51,,,,29.3,,
1955-08-01,3.11,3.56,59.7,3.01,2.72,,,,29.4,,
1955-09-01,3.13,3.59,59.7,3.00,2.69,,,,29.6,,
1955-10-01,3.10,3.59,59.8,2.93,2.62,,,,29.6,,
1955-11-01,3.10,3.58,59.9,2.93,2.73,,,,29.5,,
1955-12-01,3.15,3.62,60.2,2.98,2.88,,,,29.5,,
1956-01-01,3.11,3.60,60.2,2.94,2.78,,,,29.7,,
1956-02-01,3.08,3.58,59.9,2.91,2.67,,,,29.8,,
1956-03-01,3.10,3.60,59.8,2.99,2.89,,,,29.9,,
1956-04-01,3.24,3.68,59.9,3.14,3.19,,,,30.1,,
1956-05-01,3.28,3.73,60.2,3.06,3.08,,,,30.3,,
1956-06-01,3.26,3.76,60.1,3.00,2.95,,,,30.3,,
1956-07-01,3.28,3.80,60.1,3.08,3.06,,,,30.2,,
1956-08-01,3.43,3.93,60.0,3.22,3.39,,,,30.4,,
1956-09-01,3.56,4.07,60.0,3.28,3.50,,,,30.6,,
1956-10-01,3.59,4.17,59.8,3.26,3.40,,,,30.6,,
1956-11-01,3.69,4.24,59.8,3.37,3.57,,,,30.7,,
1956-12-01,3.75,4.37,59.8,3.45,3.76,,,,30.8,,
1957-01-01,3.77,4.49,59.5,3.41,3.46,,,,31.0,,
1957-02-01,3.67,4.47,59.9,3.30,3.42,,,,31.0,,
1957-03-01,3.66,4.43,59.8,3.32,3.47,,,,31.0,,
1957-04-01,3.67,4.44,59.5,3.40,3.53,,,,31.1,,
1957-05-01,3.74,4.52,59.5,3.49,3.61,,,,31.0,,
1957-06-01,3.91,4.63,59.8,3.65,3.80,,,,31.1,,
1957-07-01,3.99,4.73,60.0,3.72,3.96,,,,31.3,,
1957-08-01,4.10,4.82,59.3,3.75,4.02,,,,31.4,,
1957-09-01,4.12,4.93,59.6,3.73,4.06,,,,31.3,,
1957-10-01,4.10,4.99,59.5,3.76,4.09,,,,31.2,,
1957-11-01,4.08,5.09,59.5,3.61,3.70,,,,31.3,,
1957-12-01,3.81,5.03,59.6,3.38,3.11,,,,31.4,,
1958-01-01,3.60,4.83,59.3,3.27,2.78,,,,31.5,,
1958-02-01,3.59,4.66,59.3,3.31,2.58,,,,31.5,,
1958-03-01,3.63,4.68,59.3,3.29,2.40,,,,31.7,,
1958-04-01,3.60,4.67,59.6,3.17,2.15,,,,31.6,,
1958-05-01,3.57,4.62,59.8,3.17,2.07,,,,31.7,,
1958-06-01,3.57,4.55,59.5,3.23,2.08,,,,31.6,,
1958-07-01,3.67,4.53,59.6,3.39,2.42,,,,31.6,,
1958-08-01,3.85,4.67,59.8,3.65,3.06,,,,31.6,,
1958-09-01,4.09,4.87,59.7,3.80,3.52,,,,31.6,,
1958-10-01,4.11,4.92,59.6,3.81,3.67,,,,31.5,,
1958-11-01,4.09,4.87,59.2,3.76,3.60,,,,31.6,,
1958-12-01,4.08,4.85,59.2,3.86,3.72,,,,31.6,,
1959-01-01,4.12,4.87,59.3,3.95,3.91,,138.9,,31.7,,
1959-02-01,4.14,4.89,59.0,3.96,3.92,,139.4,,31.7,,
1959-03-01,4.13,4.85,59.3,3.99,3.97,,139.7,,31.7,,
1959-04-01,4.23,4.86,59.4,4.06,4.03,,139.7,,31.8,,
1959-05-01,4.37,4.96,59.2,4.13,4.25,,140.7,,31.8,,
1959-06-01,4.46,5.04,59.2,4.14,4.52,,141.2,,31.7,,
1959-07-01,4.47,5.08,59.4,4.16,4.60,,141.7,,31.7,,
1959-08-01,4.43,5.09,59.2,4.15,4.60,,141.9,,31.6,,
1959-09-01,4.52,5.18,59.3,4.29,4.97,,141.0,,31.7,,
1959-10-01,4.57,5.28,59.4,4.19,4.78,,140.5,,31.6,,
1959-11-01,4.56,5.26,59.1,4.20,4.85,,140.4,,31.5,,
1959-12-01,4.58,5.28,59.5,4.33,5.12,,139.9,,31.5,,
1960-01-01,4.61,5.34,59.1,4.42,4.99,4.72,140.0,,31.6,,
1960-02-01,4.56,5.34,59.1,4.28,4.73,4.49,139.9,,31.6,,
1960-03-01,4.49,5.25,58.5,4.14,4.29,4.25,139.8,,31.8,,
1960-04-01,4.45,5.20,59.5,4.23,4.27,4.28,139.6,,31.8,,
1960-05-01,4.46,5.28,59.5,4.20,4.46,4.35,139.6,,31.7,,
1960-06-01,4.45,5.26,59.7,4.04,4.01,4.15,139.6,,31.7,,
1960-07-01,4.41,5.22,59.5,3.91,3.63,3.90,140.2,,31.7,,
1960-08-01,4.28,5.08,59.5,3.84,3.41,3.80,141.3,,31.6,,
1960-09-01,4.25,5.01,59.7,3.86,3.43,3.80,141.2,,31.6,,
1960-10-01,4.30,5.11,59.4,3.92,3.53,3.89,140.9,,31.7,,
1960-11-01,4.31,5.08,59.8,3.96,3.60,3.93,140.9,,31.7,,
1960-12-01,4.35,5.10,59.7,3.91,3.42,3.84,140.7,,31.7,,
1961-01-01,4.32,5.10,59.6,3.90,3.39,3.84,141.1,,31.8,,
1961-02-01,4.27,5.07,59.6,3.84,3.46,3.78,141.6,,31.8,,
1961-03-01,4.22,5.02,59.7,3.81,3.35,3.74,141.9,,31.8,,
1961-04-01,4.25,5.01,59.3,3.81,3.33,3.78,142.1,,31.6,,
1961-05-01,4.27,5.01,59.4,3.74,3.23,3.71,142.7,,31.5,,
1961-06-01,4.33,5.03,59.7,3.89,3.63,3.88,142.9,,31.3,,
1961-07-01,4.41,5.09,59.3,3.93,3.59,3.92,142.9,,31.5,,
1961-08-01,4.45,5.11,59.3,4.04,3.76,4.04,143.5,,31.5,,
1961-09-01,4.45,5.12,59.0,4.04,3.73,3.98,143.8,,31.5,,
1961-10-01,4.42,5.13,59.1,4.01,3.62,3.92,144.1,,31.5,,
1961-11-01,4.39,5.11,59.1,4.00,3.61,3.94,144.8,,31.5,,
1961-12-01,4.42,5.10,58.8,4.07,3.72,4.06,145.2,,31.6,,
1962-01-01,4.42,5.08,58.8,4.10,3.76,4.08,145.2,,31.7,,
1962-02-01,4.42,5.07,59.0,4.12,3.69,4.04,145.7,,31.7,,
1962-03-01,4.39,5.04,58.9,4.04,3.45,3.93,146.0,,31.7,,
1962-04-01,4.33,5.02,58.7,3.93,3.38,3.84,146.4,,31.6,,
1962-05-01,4.28,5.00,58.9,3.92,3.40,3.87,146.8,,31.5,,
1962-06-01,4.28,5.02,58.8,3.96,3.39,3.91,146.6,,31.5,,
1962-07-01,4.34,5.05,58.5,4.05,3.62,4.01,146.5,,31.6,,
1962-08-01,4.35,5.06,59.0,4.01,3.46,3.98,146.6,,31.6,,
1962-09-01,4.32,5.03,59.0,4.00,3.41,3.98,146.3,,31.9,,
1962-10-01,4.28,4.99,58.7,3.94,3.33,3.93,146.7,,31.7,,
1962-11-01,4.25,4.96,58.5,3.93,3.40,3.92,147.3,,31.7,,
1962-12-01,4.24,4.92,58.4,3.92,3.37,3.86,147.8,,31.6,,
1963-01-01,4.21,4.91,58.6,3.93,3.40,3.83,148.3,,31.6,,
1963-02-01,4.19,4.89,58.6,3.97,3.39,3.92,148.9,,31.5,,
1963-03-01,4.19,4.88,58.6,3.98,3.41,3.93,149.2,,31.5,,
1963-04-01,4.21,4.87,58.8,4.03,3.50,3.97,149.7,,31.4,,
1963-05-01,4.22,4.85,58.8,4.02,3.54,3.93,150.4,,31.5,,
1963-06-01,4.23,4.84,58.5,4.02,3.61,3.99,150.4,,31.6,,
1963-07-01,4.26,4.84,58.7,4.06,3.76,4.02,151.3,,31.7,,
1963-08-01,4.29,4.83,58.5,4.03,3.77,4.00,151.8,,31.6,,
1963-09-01,4.31,4.84,58.7,4.09,3.82,4.08,152.0,,31.6,,
1963-10-01,4.32,4.83,58.8,4.12,3.87,4.11,152.6,,31.6,,
1963-11-01,4.33,4.84,58.8,4.16,3.95,4.12,153.6,,31.7,,
1963-12-01,4.35,4.85,58.5,4.19,4.01,4.13,153.3,,31.6,,
1964-01-01,4.39,4.83,58.6,4.19,4.04,4.17,153.7,,31.8,,
1964-02-01,4.36,4.83,58.8,4.17,4.00,4.15,154.3,,31.6,,
1964-03-01,4.38,4.83,58.7,4.22,4.12,4.22,154.5,,31.6,,
1964-04-01,4.40,4.85,59.1,4.24,4.15,4.23,154.8,,31.6,,
1964-05-01,4.41,4.85,59.1,4.20,4.04,4.20,155.3,,31.5,,
1964-06-01,4.41,4.85,58.7,4.17,4.01,4.17,155.6,,31.5,,
1964-07-01,4.40,4.83,58.6,4.16,3.93,4.19,156.8,,31.6,,
1964-08-01,4.41,4.82,58.6,4.18,3.93,4.19,157.8,,31.6,,
1964-09-01,4.42,4.82,58.7,4.20,4.01,4.20,158.7,,31.7,,
1964-10-01,4.42,4.81,58.6,4.20,4.02,4.19,159.2,,31.7,,
1964-11-01,4.43,4.81,58.5,4.17,4.04,4.15,160.0,,31.7,,
1964-12-01,4.44,4.81,58.6,4.18,4.08,4.18,160.3,,31.7,,
1965-01-01,4.43,4.80,58.6,4.19,4.03,4.19,160.7,,31.8,,
1965-02-01,4.41,4.78,58.7,4.21,4.08,4.21,160.9,,31.9,,
1965-03-01,4.42,4.78,58.7,4.20,4.13,4.21,161.5,,31.9,,
1965-04-01,4.43,4.80,58.8,4.20,4.12,4.20,162.0,,32.0,,
1965-05-01,4.44,4.81,59.0,4.21,4.11,4.21,161.7,,32.1,,
1965-06-01,4.46,4.85,58.8,4.21,4.08,4.21,162.2,,32.4,,
1965-07-01,4.48,4.88,59.1,4.21,4.09,4.20,163.0,,32.4,,
1965-08-01,4.49,4.88,58.9,4.25,4.16,4.25,163.7,,32.4,,
1965-09-01,4.52,4.91,58.7,4.30,4.24,4.29,164.8,,32.4,,
1965-10-01,4.56,4.93,58.9,4.32,4.33,4.35,166.0,,32.5,,
1965-11-01,4.60,4.95,58.8,4.40,4.45,4.45,166.7,,32.6,,
1965-12-01,4.68,5.02,59.0,4.50,4.79,4.62,167.8,,32.8,,
1966-01-01,4.74,5.06,59.0,4.52,4.90,4.61,169.1,,32.9,,
1966-02-01,4.78,5.12,58.8,4.71,5.02,4.83,169.6,,33.2,,
1966-03-01,4.92,5.32,58.8,4.72,4.97,4.87,170.5,,33.2,,
1966-04-01,4.96,5.41,59.0,4.65,4.89,4.75,171.8,,33.2,,
1966-05-01,4.98,5.48,59.0,4.69,5.00,4.78,171.3,,33.2,,
1966-06-01,5.07,5.58,59.1,4.73,5.05,4.81,171.6,,33.3,,
1966-07-01,5.16,5.68,59.1,4.84,5.26,5.02,170.3,,33.5,,
1966-08-01,5.31,5.83,59.3,4.95,5.68,5.22,170.8,,33.6,,
1966-09-01,5.49,6.09,59.3,4.94,5.79,5.18,172.0,,33.6,,
1966-10-01,5.41,6.10,59.3,4.83,5.48,5.01,171.2,,33.4,,
1966-11-01,5.35,6.13,59.6,4.87,5.53,5.16,171.4,,33.3,,
1966-12-01,5.39,6.18,59.5,4.76,5.19,4.84,172.0,,33.3,,
1967-01-01,5.20,5.97,59.5,4.51,4.75,4.58,171.9,,33.4,89.3902,
1967-02-01,5.03,5.82,59.3,4.61,4.73,4.63,173.0,,33.4,87.9750,
1967-03-01,5.13,5.85,59.1,4.56,4.47,4.54,174.8,,33.3,87.0835,
1967-04-01,5.11,5.83,59.4,4.64,4.38,4.59,174.2,,33.1,87.5089,
1967-05-01,5.24,5.96,59.3,4.90,4.61,4.85,175.7,,33.3,86.3566,
1967-06-01,5.44,6.15,59.6,4.99,4.89,5.02,177.0,,33.5,85.9603,
1967-07-01,5.58,6.26,59.6,5.01,5.06,5.16,178.1,,33.5,85.3833,
1967-08-01,5.62,6.33,59.7,5.12,5.23,5.28,179.7,,33.4,86.6339,
1967-09-01,5.65,6.40,59.7,5.16,5.41,5.30,180.7,,33.4,86.1122,
1967-10-01,5.82,6.52,59.9,5.36,5.52,5.48,181.6,,33.4,86.4325,
1967-11-01,6.07,6.72,59.8,5.66,5.71,5.75,182.4,,33.4,87.2856,
1967-12-01,6.19,6.93,59.9,5.59,5.71,5.70,183.3,,33.7,87.8417,
1968-01-01,6.17,6.84,59.2,5.39,5.53,5.53,184.3,,33.8,87.3841,
1968-02-01,6.10,6.80,59.6,5.38,5.61,5.56,184.7,,34.0,87.3491,
1968-03-01,6.11,6.85,59.6,5.59,5.80,5.74,185.5,,34.1,87.2750,
1968-04-01,6.21,6.97,59.5,5.46,5.75,5.64,186.6,,34.1,87.0569,
1968-05-01,6.27,7.03,59.9,5.55,6.11,5.87,188.0,,34.2,87.6877,
1968-06-01,6.28,7.07,60.0,5.40,5.82,5.72,189.4,,34.2,87.6656,
1968-07-01,6.24,6.98,59.8,5.29,5.54,5.50,190.5,,34.3,87.1899,
1968-08-01,6.02,6.82,59.6,5.23,5.42,5.42,191.8,,34.2,87.0938,
1968-09-01,5.97,6.79,59.5,5.28,5.39,5.46,192.7,,34.4,87.0856,
1968-10-01,6.09,6.84,59.5,5.44,5.52,5.58,194.0,,34.4,86.9222,
1968-11-01,6.19,7.01,59.6,5.56,5.57,5.70,196.0,,34.5,87.7086,
1968-12-01,6.45,7.23,59.7,5.88,6.16,6.03,197.4,,34.6,87.6491,
1969-01-01,6.59,7.32,59.6,5.99,6.22,6.04,198.7,,34.8,87.8518,
1969-02-01,6.66,7.30,60.0,6.11,6.32,6.19,199.3,,35.0,88.0959,
1969-03-01,6.85,7.51,59.9,6.22,6.38,6.30,200.0,,35.2,88.4679,
1969-04-01,6.89,7.54,60.0,6.03,6.25,6.17,200.7,,35.3,87.8271,
1969-05-01,6.79,7.52,59.8,6.11,6.51,6.32,200.8,,35.5,87.1831,
1969-06-01,6.98,7.70,60.1,6.28,6.83,6.57,201.3,,35.7,87.7221,
1969-07-01,7.08,7.84,60.1,6.27,7.31,6.72,201.7,,35.8,87.8729,
1969-08-01,6.97,7.86,60.3,6.22,7.29,6.69,201.7,,35.7,87.7640,
1969-09-01,7.14,8.05,60.3,6.55,7.77,7.16,202.1,,35.8,87.4358,
1969-10-01,7.33,8.22,60.4,6.49,7.57,7.10,202.9,,35.9,87.1548,
1969-11-01,7.35,8.25,60.2,6.74,7.65,7.14,203.6,,36.1,86.0318,
1969-12-01,7.72,8.65,60.2,6.91,8.10,7.65,203.9,,36.3,85.5022,
1970-01-01,7.91,8.86,60.4,6.92,8.24,7.79,206.2,,36.5,83.6412,
1970-02-01,7.93,8.78,60.4,6.67,7.79,7.24,205.0,,36.7,83.3243,
1970-03-01,7.84,8.63,60.6,6.72,7.15,7.07,205.7,,36.7,82.9558,
1970-04-01,7.83,8.70,60.6,6.85,7.39,7.39,206.7,,36.8,82.4846,
1970-05-01,8.11,8.98,60.3,7.24,7.94,7.91,207.2,,36.8,82.1323,
1970-06-01,8.48,9.25,60.2,7.34,7.84,7.84,207.6,,36.9,81.6130,
1970-07-01,8.44,9.40,60.4,6.92,7.56,7.46,208.0,,37.1,81.5605,
1970-08-01,8.13,9.44,60.3,7.07,7.46,7.53,209.9,,36.9,81.1642,
1970-09-01,8.09,9.39,60.2,6.88,7.11,7.39,211.8,,37.1,80.3572,
1970-10-01,8.03,9.33,60.4,6.88,6.96,7.33,212.9,,37.1,78.5085,
1970-11-01,8.05,9.38,60.4,6.58,6.25,6.84,213.7,,37.1,77.7948,
1970-12-01,7.64,9.12,60.4,6.28,5.75,6.39,214.4,,37.1,79.3391,
1971-01-01,7.36,8.74,60.4,6.18,5.61,6.24,215.5,,37.3,79.7255,
1971-02-01,7.08,8.39,60.1,6.14,5.07,6.11,217.4,,37.7,79.3708,
1971-03-01,7.21,8.46,60.0,5.94,4.50,5.70,218.8,,37.8,79.0828,
1971-04-01,7.25,8.45,60.1,6.00,5.22,5.83,220.0,,37.9,79.3249,
1971-05-01,7.53,8.62,60.2,6.32,5.97,6.39,222.0,,38.1,79.5252,
1971-06-01,7.64,8.75,59.8,6.38,6.32,6.52,223.5,,38.2,79.6569,
1971-07-01,7.64,8.76,60.1,6.38,6.74,6.73,224.9,,38.3,79.2253,
1971-08-01,7.59,8.76,60.2,6.27,6.35,6.58,225.6,,38.5,78.5672,
1971-09-01,7.44,8.59,60.1,6.05,5.89,6.14,226.5,,38.3,79.6437,
1971-10-01,7.39,8.48,60.1,5.92,5.56,5.93,227.2,,38.3,80.0388,
1971-11-01,7.26,8.38,60.4,5.86,5.35,5.81,227.8,,38.3,80.1777,
1971-12-01,7.25,8.38,60.4,6.00,5.27,5.93,228.3,,38.6,80.9011,
1972-01-01,7.19,8.23,60.2,6.01,5.14,5.95,230.1,,38.8,82.6379,
1972-02-01,7.27,8.23,60.2,6.06,5.25,6.08,232.3,,39.2,83.2437,
1972-03-01,7.24,8.24,60.5,6.06,5.56,6.07,234.3,,39.2,83.6216,
1972-04-01,7.30,8.24,60.4,6.16,5.88,6.19,235.6,,39.3,84.3016,
1972-05-01,7.30,8.23,60.4,6.07,5.55,6.13,235.9,,39.5,84.0517,
1972-06-01,7.23,8.20,60.4,6.01,5.64,6.11,236.6,,39.7,84.0788,
1972-07-01,7.21,8.23,60.4,6.01,5.78,6.11,238.8,,40.0,83.8268,
1972-08-01,7.19,8.19,60.6,5.94,5.79,6.21,240.9,,40.1,84.7156,
1972-09-01,7.22,8.09,60.4,6.05,6.06,6.55,243.2,,40.2,85.1267,
1972-10-01,7.21,8.06,60.3,6.00,6.05,6.48,245.0,,40.1,86.0162,
1972-11-01,7.12,7.99,60.3,5.79,5.94,6.28,246.4,,40.3,86.7725,
1972-12-01,7.08,7.93,60.5,5.96,6.01,6.36,249.2,,41.1,87.4945,
1973-01-01,7.15,7.90,60.0,6.78,6.27,6.46,251.5,,41.6,87.7861,
1973-02-01,7.22,7.97,60.5,6.88,6.58,6.64,252.2,,42.4,88.7980,
1973-03-01,7.29,8.03,60.8,6.91,6.86,6.71,251.7,,43.4,88.5445,
1973-04-01,7.26,8.09,60.8,6.86,6.78,6.67,252.7,,43.6,88.1247,
1973-05-01,7.29,8.06,60.6,6.99,6.83,6.85,254.9,,44.5,88.3892,
1973-06-01,7.37,8.13,60.9,7.06,6.84,6.90,256.7,,45.5,88.1445,
1973-07-01,7.45,8.24,60.9,7.29,7.54,7.13,257.5,,44.9,88.2059,
1973-08-01,7.68,8.53,60.7,7.61,7.89,7.40,257.7,,47.5,87.7617,
1973-09-01,7.63,8.63,60.8,7.25,7.25,7.09,257.9,,46.7,88.2545,
1973-10-01,7.60,8.41,60.9,7.18,6.81,6.79,259.0,,46.3,88.5610,
1973-11-01,7.67,8.42,61.2,7.30,7.00,6.73,261.0,,46.5,88.7482,
1973-12-01,7.68,8.48,61.2,7.29,6.81,6.74,262.9,,47.4,88.2676,
1974-01-01,7.83,8.48,61.3,7.47,6.96,6.99,263.8,,49.0,87.3874,
1974-02-01,7.85,8.53,61.4,7.46,6.76,6.96,265.3,,50.0,86.8692,
1974-03-01,8.01,8.62,61.3,7.73,7.35,7.21,266.7,,50.6,86.6610,
1974-04-01,8.25,8.87,61.1,8.01,8.05,7.51,267.2,,51.0,86.1406,
1974-05-01,8.37,9.05,61.2,8.14,8.27,7.58,267.6,,51.8,86.6077,
1974-06-01,8.47,9.27,61.2,8.10,8.15,7.54,268.5,,52.0,86.3121,
1974-07-01,8.72,9.48,61.4,8.26,8.41,7.81,269.3,,54.0,86.1654,
1974-08-01,9.00,9.77,61.2,8.60,8.66,8.04,270.1,,55.9,85.1518,
1974-09-01,9.24,10.18,61.4,8.59,8.41,8.04,271.0,,55.9,85.0243,
1974-10-01,9.27,10.48,61.3,8.37,8.00,7.90,272.3,,56.9,84.5451,
1974-11-01,8.89,10.60,61.3,7.98,7.61,7.68,273.7,,57.4,81.6266,
1974-12-01,8.89,10.63,61.2,7.91,7.24,7.43,274.2,,57.3,78.6007,
1975-01-01,8.83,10.81,61.4,7.88,7.23,7.50,273.9,,57.4,77.3930,
1975-02-01,8.62,10.65,61.0,7.71,6.65,7.39,275.0,,57.2,75.4884,
1975-03-01,8.67,10.48,61.2,7.99,6.81,7.73,276.4,,56.9,74.5577,
1975-04-01,8.95,10.58,61.3,8.36,7.76,8.23,276.2,,57.5,74.4974,
1975-05-01,8.90,10.69,61.5,8.22,7.39,8.06,279.2,,57.9,74.2071,
1975-06-01,8.77,10.62,61.2,8.04,7.17,7.86,282.4,,58.0,74.5729,
1975-07-01,8.84,10.55,61.3,8.17,7.72,8.06,283.7,,58.7,75.1689,
1975-08-01,8.95,10.59,61.3,8.50,8.16,8.40,284.1,,59.0,75.8172,
1975-09-01,8.95,10.61,61.2,8.57,8.29,8.43,285.7,,59.4,76.6163,
1975-10-01,8.86,10.62,61.2,8.35,7.81,8.14,285.4,,59.8,76.8116,
1975-11-01,8.78,10.56,61.1,8.28,7.46,8.05,286.8,,59.5,76.8290,
1975-12-01,8.79,10.56,61.1,8.23,7.43,8.00,287.1,,59.7,77.6309,
1976-01-01,8.60,10.41,61.3,8.01,6.99,7.74,288.4,,59.9,78.5953,12.814
1976-02-01,8.55,10.24,61.3,8.03,7.06,7.79,290.8,,59.9,79.2155,13.340
1976-03-01,8.52,10.12,61.3,7.97,7.13,7.73,292.7,,60.0,79.1145,13.378
1976-04-01,8.40,9.94,61.6,7.86,6.84,7.56,294.7,,60.6,79.3850,13.223
1976-05-01,8.58,9.86,61.5,8.13,7.27,7.90,295.9,,60.8,79.5769,12.962
1976-06-01,8.62,9.89,61.5,8.03,7.31,7.86,296.2,,61.2,79.4117,13.051
1976-07-01,8.56,9.82,61.8,8.00,7.12,7.83,297.2,,61.6,79.7048,13.466
1976-08-01,8.45,9.64,61.8,7.91,6.86,7.77,299.0,,61.4,80.0829,12.953
1976-09-01,8.38,9.40,61.6,7.78,6.66,7.59,299.6,,61.8,80.1251,13.610
1976-10-01,8.32,9.29,61.6,7.70,6.24,7.41,302.0,,61.9,79.9707,12.823
1976-11-01,8.25,9.23,61.9,7.64,6.09,7.29,303.6,,62.0,80.9605,13.332
1976-12-01,7.98,9.12,61.8,7.30,5.68,6.87,306.2,,62.5,81.6158,14.527
1977-01-01,7.96,9.08,61.6,7.48,6.22,7.21,308.3,,62.8,80.9794,14.396
1977-02-01,8.04,9.12,61.9,7.64,6.44,7.39,311.5,,63.5,82.0135,14.709
1977-03-01,8.10,9.12,62.0,7.73,6.47,7.46,313.9,,64.1,82.8238,15.170
1977-04-01,8.04,9.07,62.1,7.67,6.31,7.37,316.0,,64.9,83.3937,15.135
1977-05-01,8.05,9.01,62.2,7.74,6.55,7.46,317.2,,65.2,83.8738,14.984
1977-06-01,7.95,8.91,62.4,7.64,6.39,7.28,318.8,,65.0,84.2573,14.952
1977-07-01,7.94,8.87,62.1,7.60,6.51,7.33,320.2,,65.1,84.1501,14.641
1977-08-01,7.98,8.82,62.3,7.64,6.79,7.40,322.3,,65.0,83.9453,14.859
1977-09-01,7.92,8.80,62.3,7.57,6.84,7.34,324.5,,65.3,84.1166,14.650
1977-10-01,8.04,8.89,62.4,7.71,7.19,7.52,326.4,,65.6,84.0416,14.900
1977-11-01,8.08,8.95,62.8,7.76,7.22,7.58,328.6,,65.8,83.8913,14.799
1977-12-01,8.19,8.99,62.7,7.87,7.30,7.69,330.9,,66.2,83.7917,15.175
1978-01-01,8.41,9.17,62.8,8.14,7.61,7.96,334.4,,66.8,82.4006,13.704
1978-02-01,8.47,9.20,62.7,8.22,7.67,8.03,335.3,,67.5,82.5714,14.363
1978-03-01,8.47,9.22,62.8,8.21,7.70,8.04,337.0,,68.1,83.9048,15.166
1978-04-01,8.56,9.32,63.0,8.32,7.85,8.15,339.9,,69.0,85.4006,16.198
1978-05-01,8.69,9.49,63.1,8.44,8.07,8.35,344.9,,69.5,85.4753,16.298
1978-06-01,8.76,9.60,63.3,8.53,8.30,8.46,346.9,,70.0,85.8216,16.348
1978-07-01,8.88,9.60,63.2,8.69,8.54,8.64,347.6,,70.4,85.5428,15.528
1978-08-01,8.69,9.48,63.2,8.45,8.33,8.41,349.6,,70.4,85.6270,16.045
1978-09-01,8.69,9.42,63.3,8.47,8.41,8.42,352.2,,71.0,85.6081,14.641
1978-10-01,8.89,9.59,63.3,8.69,8.62,8.64,353.3,,71.8,86.0598,15.845
1978-11-01,9.03,9.83,63.5,8.75,9.04,8.81,355.4,,72.1,86.4785,15.484
1978-12-01,9.16,9.94,63.6,8.90,9.33,9.01,357.3,,72.7,86.7099,15.338
1979-01-01,9.25,10.13,63.6,8.98,9.50,9.10,358.6,,73.8,85.9271,15.061
1979-02-01,9.26,10.08,63.8,9.03,9.29,9.10,359.9,,74.9,86.1661,15.321
1979-03-01,9.37,10.26,63.8,9.08,9.38,9.12,362.5,,75.8,86.2161,15.275
1979-04-01,9.38,10.33,63.5,9.12,9.43,9.18,368.0,,76.9,85.0317,14.742
1979-05-01,9.50,10.47,63.3,9.21,9.42,9.25,369.6,,77.5,85.5055,14.374
1979-06-01,9.29,10.38,63.5,8.91,8.95,8.91,373.4,,78.0,85.2954,12.744
1979-07-01,9.20,10.29,63.6,8.92,8.94,8.95,377.2,,79.2,84.9818,14.112
1979-08-01,9.23,10.35,63.6,8.97,9.14,9.03,378.8,,79.6,84.2290,14.344
1979-09-01,9.44,10.54,63.8,9.21,9.69,9.33,379.3,,80.9,84.1398,14.292
1979-10-01,10.13,11.40,63.7,9.99,10.95,10.30,380.8,,82.1,84.4231,13.112
1979-11-01,10.76,11.99,63.7,10.37,11.18,10.65,380.8,,82.6,84.1759,13.025
1979-12-01,10.74,12.06,63.9,10.18,10.71,10.39,381.8,,83.4,84.1166,13.496
1980-01-01,11.09,12.42,64.0,10.65,10.88,10.80,385.8,,85.2,84.3369,14.439
1980-02-01,12.38,13.57,64.0,12.21,12.84,12.41,390.1,,86.9,84.1769,13.276
1980-03-01,12.96,14.45,63.7,12.49,14.05,12.75,388.4,,87.5,83.7396,12.077
1980-04-01,12.04,14.19,63.8,11.42,12.02,11.47,383.8,,87.8,81.8625,10.444
1980-05-01,10.99,13.17,63.9,10.44,9.44,10.18,384.8,,88.3,79.7180,9.540
1980-06-01,10.58,12.71,63.7,9.89,8.91,9.78,389.1,,88.7,78.5779,10.449
1980-07-01,11.07,12.65,63.8,10.32,9.27,10.25,394.0,,90.3,77.8133,11.664
1980-08-01,11.64,13.15,63.7,11.07,10.63,11.10,399.2,,91.5,77.9303,11.154
1980-09-01,12.02,13.70,63.6,11.47,11.57,11.51,404.8,,91.7,79.0235,10.912
1980-10-01,12.31,14.23,63.7,11.75,12.01,11.75,409.0,,92.8,79.8417,11.412
1980-11-01,12.97,14.64,63.8,12.44,13.31,12.68,410.7,,93.2,81.0316,11.257
1980-12-01,13.21,15.14,63.6,12.49,13.65,12.84,408.5,,93.8,81.2961,10.939
1981-01-01,12.81,15.03,63.9,12.29,13.01,12.57,411.3,,95.2,80.6346,11.282
1981-02-01,13.35,15.37,63.9,12.98,13.65,13.19,414.8,,96.1,80.0629,12.351
1981-03-01,13.33,15.34,64.1,12.94,13.51,13.12,419.0,,97.0,80.2810,12.427
1981-04-01,13.88,15.56,64.2,13.46,14.09,13.68,427.4,,98.0,79.7191,10.490
1981-05-01,14.32,15.95,64.3,13.82,15.08,14.10,424.7,,98.3,79.9861,10.354
1981-06-01,13.75,15.80,63.7,13.20,14.29,13.47,425.2,,98.5,80.1545,10.415
1981-07-01,14.38,16.17,63.8,13.92,15.15,14.28,426.9,,99.0,80.4725,10.428
1981-08-01,14.89,16.34,63.8,14.52,16.00,14.94,426.9,,99.0,80.2576,12.681
1981-09-01,15.49,16.92,63.5,15.07,16.22,15.32,427.0,,98.8,79.5811,11.080
1981-10-01,15.40,17.11,63.8,15.13,15.50,15.15,428.4,,98.9,78.8520,9.418
1981-11-01,14.22,16.39,63.9,13.56,13.11,13.39,431.3,,98.8,77.7652,9.494
1981-12-01,14.23,16.55,63.6,13.73,13.66,13.72,436.7,,98.8,76.7415,9.055
1982-01-01,15.18,17.10,63.7,14.57,14.64,14.59,442.7,,99.7,75.0489,10.285
1982-02-01,15.27,17.18,63.8,14.48,14.73,14.43,441.9,,99.8,76.3768,10.924
1982-03-01,14.58,16.82,63.8,13.75,14.13,13.86,442.7,,99.6,75.6450,10.651
1982-04-01,14.46,16.78,63.9,13.57,14.18,13.87,447.1,,99.6,74.8423,9.747
1982-05-01,14.26,16.64,64.2,13.46,13.77,13.62,446.7,,99.8,74.2336,11.103
1982-06-01,14.81,16.92,63.9,14.18,14.48,14.30,447.5,,100.0,73.8668,9.613
1982-07-01,14.61,16.80,64.0,13.76,14.00,13.95,448.0,,100.4,73.5323,9.759
1982-08-01,13.71,16.32,64.1,12.91,12.62,13.06,451.4,,100.3,72.7958,9.947
1982-09-01,12.94,15.63,64.1,12.16,12.03,12.34,456.9,,100.0,72.4925,11.129
1982-10-01,12.12,14.73,64.1,10.97,10.62,10.91,464.5,,100.2,71.7781,10.140
1982-11-01,11.68,14.30,64.2,10.57,9.98,10.55,471.5,,100.3,71.4329,12.030
1982-12-01,11.83,14.14,64.1,10.62,9.88,10.54,474.8,,100.5,70.8711,11.249
1983-01-01,11.79,13.94,63.9,10.78,9.64,10.46,477.2,,100.2,72.2026,10.865
1983-02-01,12.01,13.95,63.8,11.03,9.91,10.72,484.3,,100.5,71.7176,10.608
1983-03-01,11.73,13.61,63.7,10.80,9.84,10.51,490.6,,100.4,72.2713,11.023
1983-04-01,11.51,13.29,63.8,10.63,9.76,10.40,493.2,,100.4,73.1297,11.673
1983-05-01,11.46,13.09,63.7,10.67,9.66,10.38,500.0,,100.8,73.6057,12.028
1983-06-01,11.74,13.37,64.3,11.12,10.32,10.85,504.0,,101.0,74.0214,12.960
1983-07-01,12.15,13.39,64.1,11.59,10.90,11.38,507.8,,101.3,75.1134,12.917
1983-08-01,12.51,13.64,64.3,11.96,11.30,11.85,510.5,,101.8,75.9174,12.246
1983-09-01,12.37,13.55,64.3,11.82,11.07,11.65,512.8,,102.0,77.0244,12.451
1983-10-01,12.25,13.46,64.0,11.77,10.87,11.54,517.2,,102.2,77.6124,13.311
1983-11-01,12.41,13.61,64.1,11.92,10.96,11.69,519.0,,102.1,77.8207,13.125
1983-12-01,12.57,13.75,64.1,12.02,11.13,11.83,521.4,,102.3,78.1567,14.503
1984-01-01,12.20,13.65,63.9,11.82,10.93,11.67,525.1,,102.9,79.6259,14.210
1984-02-01,12.08,13.59,64.1,12.00,11.05,11.84,527.5,,103.2,79.8668,14.381
1984-03-01,12.57,13.99,64.1,12.45,11.59,12.32,531.4,,103.9,80.1464,14.210
1984-04-01,12.81,14.31,64.3,12.65,11.98,12.63,535.0,,104.0,80.5228,14.357
1984-05-01,13.28,14.74,64.5,13.43,12.75,13.41,536.7,,104.1,80.7640,14.856
1984-06-01,13.55,15.05,64.6,13.54,13.18,13.56,540.2,,104.0,80.8919,14.673
1984-07-01,13.44,15.15,64.6,13.36,13.08,13.36,540.9,,104.2,80.9814,14.758
1984-08-01,12.87,14.63,64.4,12.71,12.50,12.72,541.0,,103.8,80.8843,14.279
1984-09-01,12.66,14.35,64.4,12.42,12.34,12.52,543.1,,103.4,80.5589,13.959
1984-10-01,12.63,13.94,64.4,12.04,11.85,12.16,543.7,,103.4,80.2373,14.642
1984-11-01,12.29,13.48,64.5,11.66,10.90,11.57,547.5,,103.7,80.3579,14.774
1984-12-01,12.13,13.40,64.6,11.64,10.56,11.50,551.6,,103.5,80.2482,14.602
1985-01-01,12.08,13.26,64.7,11.58,10.43,11.38,557.0,,103.4,79.9174,15.563
1985-02-01,12.13,13.23,64.7,11.70,10.55,11.51,563.6,,103.3,79.9866,15.724
1985-03-01,12.56,13.69,64.9,12.06,11.05,11.86,566.6,,103.1,79.9116,15.358
1985-04-01,12.23,13.51,64.9,11.69,10.49,11.43,570.4,,103.3,79.4940,15.521
1985-05-01,11.72,13.15,64.8,11.19,9.75,10.85,575.1,,103.5,79.4114,15.561
1985-06-01,10.94,12.40,64.6,10.57,9.05,10.16,582.3,,103.3,79.2816,15.093
1985-07-01,10.97,12.43,64.7,10.68,9.18,10.31,589.1,,103.2,78.5898,15.498
1985-08-01,11.05,12.50,64.6,10.73,9.31,10.33,596.2,,102.7,78.7499,16.910
1985-09-01,11.07,12.48,64.9,10.80,9.37,10.37,603.3,,102.1,78.9362,19.104
1985-10-01,11.02,12.36,65.0,10.67,9.25,10.24,607.8,,102.9,78.4701,14.185
1985-11-01,10.55,11.99,64.9,10.24,8.88,9.78,612.2,,103.4,78.6082,14.622
1985-12-01,10.16,11.58,65.0,9.75,8.40,9.26,619.8,,103.6,79.3159,15.711
1986-01-01,10.05,11.44,64.9,9.59,8.41,9.19,621.4,22.93,103.2,79.5809,16.060
1986-02-01,9.67,11.11,65.0,9.08,8.10,8.70,625.2,15.46,101.7,78.9674,15.371
1986-03-01,9.00,10.50,65.1,8.09,7.30,7.78,633.5,12.61,100.3,78.3414,14.161
1986-04-01,8.79,10.19,65.1,7.50,6.86,7.30,641.0,12.84,99.6,78.2914,15.849
1986-05-01,9.09,10.29,65.2,7.81,7.27,7.71,652.0,15.38,100.0,78.3886,16.302
1986-06-01,9.13,10.34,65.4,7.69,7.41,7.80,660.6,13.43,99.9,78.0608,15.920
1986-07-01,8.88,10.16,65.4,7.29,6.86,7.30,670.3,11.59,99.4,78.4222,15.742
1986-08-01,8.72,10.18,65.3,7.28,6.49,7.17,678.7,15.10,99.3,78.2354,17.285
1986-09-01,8.89,10.20,65.4,7.56,6.62,7.45,687.4,14.87,99.4,78.3034,21.495
1986-10-01,8.86,10.24,65.4,7.61,6.56,7.43,694.9,14.90,99.7,78.5679,14.793
1986-11-01,8.68,10.07,65.4,7.42,6.46,7.25,705.4,15.22,99.8,78.8122,14.822
1986-12-01,8.49,9.97,65.3,7.28,6.43,7.11,724.7,16.11,99.7,79.3506,18.079
1987-01-01,8.36,9.72,65.4,#N/A,6.41,7.08,730.2,18.65,100.5,78.9731,12.414
1987-02-01,8.38,9.65,65.5,#N/A,6.56,7.25,730.7,17.75,101.0,79.8595,15.109
1987-03-01,8.36,9.61,65.5,#N/A,6.58,7.25,733.8,18.30,101.2,79.8075,15.299
1987-04-01,8.85,10.04,65.4,#N/A,7.32,8.02,743.9,18.68,101.9,80.1486,15.452
1987-05-01,9.33,10.51,65.7,#N/A,8.02,8.61,745.8,19.44,102.6,80.5000,14.572
1987-06-01,9.32,10.52,65.5,#N/A,7.82,8.40,743.2,20.07,103.0,80.7079,15.619
1987-07-01,9.42,10.61,65.6,#N/A,7.74,8.45,743.0,21.34,103.5,81.1056,15.655
1987-08-01,9.67,10.80,65.7,#N/A,8.03,8.76,744.9,20.31,103.8,81.6263,17.092
1987-09-01,10.18,11.31,65.5,#N/A,8.67,9.42,747.6,19.53,103.7,81.6946,16.119
1987-10-01,10.52,11.62,65.7,#N/A,8.75,9.52,756.2,19.86,104.1,82.7575,14.258
1987-11-01,10.01,11.23,65.7,#N/A,7.99,8.86,753.2,18.85,104.2,83.0782,14.543
1987-12-01,10.11,11.29,65.7,#N/A,8.13,8.99,750.2,17.28,104.2,83.3907,15.645
1988-01-01,9.88,11.07,65.8,#N/A,7.87,8.67,756.2,17.13,104.6,83.3464,16.083
1988-02-01,9.40,10.62,65.9,#N/A,7.38,8.21,757.7,16.80,104.8,83.6422,16.513
1988-03-01,9.39,10.57,65.7,#N/A,7.50,8.37,761.8,16.20,104.9,83.7564,16.182
1988-04-01,9.67,10.90,65.8,#N/A,7.83,8.72,768.1,17.86,105.8,84.1885,15.545
1988-05-01,9.90,11.04,65.7,#N/A,8.24,9.09,771.7,17.42,106.5,84.0540,15.941
1988-06-01,9.86,11.00,65.8,#N/A,8.22,8.92,778.3,16.53,107.2,84.2341,15.854
1988-07-01,9.96,11.11,65.9,#N/A,8.44,9.06,781.4,15.50,107.9,84.2352,15.704
1988-08-01,10.11,11.21,66.1,#N/A,8.77,9.26,783.3,15.52,108.0,84.5456,15.385
1988-09-01,9.82,10.90,65.9,#N/A,8.57,8.98,783.7,14.54,108.1,84.2638,15.047
1988-10-01,9.51,10.41,66.0,#N/A,8.43,8.80,783.3,13.77,108.2,84.6196,15.162
1988-11-01,9.45,10.48,66.2,#N/A,8.72,8.96,784.9,14.14,108.3,84.6771,15.394
1988-12-01,9.57,10.65,66.1,#N/A,9.11,9.11,786.7,16.38,109.0,84.9998,16.437
1989-01-01,9.62,10.65,66.5,#N/A,9.20,9.09,785.7,18.02,110.5,85.1489,15.372
1989-02-01,9.64,10.61,66.3,#N/A,9.32,9.17,783.8,17.94,110.8,84.6405,14.991
1989-03-01,9.80,10.67,66.3,#N/A,9.61,9.36,783.0,19.48,111.5,84.6961,14.662
1989-04-01,9.79,10.61,66.4,#N/A,9.40,9.18,779.2,21.07,112.3,84.6028,16.024
1989-05-01,9.57,10.46,66.3,#N/A,8.98,8.86,775.0,20.12,113.2,83.8789,15.267
1989-06-01,9.10,10.03,66.5,#N/A,8.37,8.28,773.5,20.05,112.9,83.7449,14.384
1989-07-01,8.93,9.87,66.5,#N/A,7.83,8.02,777.8,19.78,112.8,82.7955,14.695
1989-08-01,8.96,9.88,66.5,#N/A,8.13,8.11,779.4,18.58,112.0,83.3730,16.547
1989-09-01,9.01,9.91,66.4,#N/A,8.26,8.19,781.0,19.59,112.4,82.8920,15.660
1989-10-01,8.92,9.81,66.5,#N/A,8.02,8.01,786.6,20.10,112.8,82.6459,13.581
1989-11-01,8.89,9.81,66.6,#N/A,7.80,7.87,787.9,19.86,112.7,82.7240,13.370
1989-12-01,8.86,9.82,66.5,#N/A,7.77,7.84,792.9,21.10,113.0,83.0346,13.550
1990-01-01,8.99,9.94,66.8,#N/A,8.13,8.21,795.4,22.86,114.9,82.2969,16.308
1990-02-01,9.22,10.14,66.7,#N/A,8.39,8.47,798.1,22.11,114.4,82.9205,14.363
1990-03-01,9.37,10.21,66.7,#N/A,8.63,8.59,801.5,20.39,114.2,83.1482,14.486
1990-04-01,9.46,10.30,66.6,#N/A,8.78,8.79,806.1,18.43,114.1,82.8523,14.281
1990-05-01,9.47,10.41,66.6,#N/A,8.69,8.76,804.2,18.20,114.6,82.8670,14.022
1990-06-01,9.26,10.22,66.4,#N/A,8.40,8.48,808.8,16.70,114.3,82.9790,14.149
1990-07-01,9.24,10.20,66.5,#N/A,8.26,8.47,810.1,18.45,114.5,82.7280,14.081
1990-08-01,9.41,10.41,66.5,#N/A,8.22,8.75,815.7,27.31,116.5,82.8652,13.859
1990-09-01,9.56,10.64,66.4,#N/A,8.27,8.89,820.2,33.51,118.4,82.8443,14.298
1990-10-01,9.53,10.74,66.4,#N/A,8.07,8.72,819.9,36.04,120.8,82.1051,13.749
1990-11-01,9.30,10.62,66.4,#N/A,7.74,8.39,822.1,32.33,120.1,81.0378,13.134
1990-12-01,9.05,10.43,66.4,#N/A,7.47,8.08,824.7,27.28,118.7,80.4083,12.958
1991-01-01,9.04,10.45,66.2,#N/A,7.38,8.09,827.2,25.23,119.0,79.9663,11.829
1991-02-01,8.83,10.07,66.2,#N/A,7.08,7.85,832.6,20.48,117.2,79.3208,12.409
1991-03-01,8.93,10.09,66.3,#N/A,7.35,8.11,838.7,19.90,116.2,78.8218,12.848
1991-04-01,8.86,9.94,66.4,#N/A,7.23,8.04,843.1,20.83,116.0,78.8959,12.038
1991-05-01,8.86,9.86,66.2,#N/A,7.12,8.07,848.8,21.23,116.5,79.6029,12.487
1991-06-01,9.01,9.96,66.2,#N/A,7.39,8.28,856.7,20.19,116.4,80.2422,12.719
1991-07-01,9.00,9.89,66.1,#N/A,7.38,8.27,861.6,21.40,116.1,80.2489,12.972
1991-08-01,8.75,9.65,66.0,#N/A,6.80,7.90,866.8,21.69,116.2,80.2231,12.565
1991-09-01,8.61,9.51,66.2,#N/A,6.50,7.65,869.7,21.89,116.1,80.8353,13.107
1991-10-01,8.55,9.49,66.1,#N/A,6.23,7.53,878.0,23.23,116.4,80.5851,12.217
1991-11-01,8.48,9.45,66.1,#N/A,5.90,7.42,887.6,22.46,116.4,80.3755,12.576
1991-12-01,8.31,9.26,66.0,#N/A,5.39,7.09,897.0,19.50,115.9,79.9314,12.658
1992-01-01,8.20,9.13,66.3,#N/A,5.40,7.03,910.4,18.79,115.6,79.3332,12.591
1992-02-01,8.29,9.23,66.2,#N/A,5.72,7.34,925.2,19.01,116.0,79.7475,12.927
1992-03-01,8.35,9.25,66.4,#N/A,6.18,7.54,936.7,18.92,116.1,80.2471,12.824
1992-04-01,8.33,9.21,66.5,#N/A,5.93,7.48,943.8,20.23,116.3,80.6855,12.550
1992-05-01,8.28,9.13,66.6,#N/A,5.81,7.39,950.6,20.98,117.2,80.7739,13.098
1992-06-01,8.22,9.05,66.7,#N/A,5.60,7.26,954.3,22.39,118.0,80.6082,13.543
1992-07-01,8.07,8.84,66.7,#N/A,4.91,6.84,963.3,21.78,117.9,81.1592,12.853
1992-08-01,7.95,8.65,66.6,#N/A,4.72,6.59,973.7,21.34,117.7,80.5877,12.873
1992-09-01,7.92,8.62,66.5,#N/A,4.42,6.42,988.0,21.88,118.0,80.6088,13.378
1992-10-01,7.99,8.84,66.2,#N/A,4.64,6.59,1003.7,21.69,118.1,81.0537,13.655
1992-11-01,8.10,8.96,66.3,#N/A,5.14,6.87,1015.7,20.34,117.8,81.2465,13.218
1992-12-01,7.98,8.81,66.3,#N/A,5.21,6.77,1024.9,19.41,117.6,81.1784,13.784
1993-01-01,7.91,8.67,66.2,#N/A,4.93,6.60,1030.4,19.03,118.0,81.3929,13.457
1993-02-01,7.71,8.39,66.2,#N/A,4.58,6.26,1033.5,20.09,118.4,81.6255,12.969
1993-03-01,7.58,8.15,66.2,#N/A,4.40,5.98,1038.4,20.32,118.7,81.3902,13.326
1993-04-01,7.46,8.14,66.1,#N/A,4.30,5.97,1047.6,20.25,119.3,81.5609,14.527
1993-05-01,7.43,8.21,66.4,#N/A,4.40,6.04,1065.9,19.95,119.7,81.1656,14.519
1993-06-01,7.33,8.07,66.5,#N/A,4.53,5.96,1075.1,19.09,119.5,81.1872,14.490
1993-07-01,7.17,7.93,66.4,#N/A,4.43,5.81,1084.6,17.89,119.2,81.3220,14.451
1993-08-01,6.85,7.60,66.4,#N/A,4.36,5.68,1094.2,18.01,118.7,81.1146,13.584
1993-09-01,6.66,7.34,66.2,#N/A,4.17,5.36,1104.2,17.50,118.7,81.3715,13.990
1993-10-01,6.67,7.31,66.3,6.07,4.18,5.33,1113.1,18.15,119.1,81.8527,14.911
1993-11-01,6.93,7.66,66.3,6.38,4.50,5.72,1124.1,16.61,119.0,82.0357,14.882
1993-12-01,6.93,7.69,66.4,6.40,4.54,5.77,1129.6,14.52,118.6,82.3156,15.004
1994-01-01,6.92,7.65,66.6,6.39,4.48,5.75,1131.6,15.03,119.1,82.4456,15.379
1994-02-01,7.08,7.76,66.6,6.57,4.83,5.97,1136.3,14.78,119.3,82.2735,15.520
1994-03-01,7.48,8.13,66.5,7.00,5.40,6.48,1140.1,14.68,119.7,82.8910,15.301
1994-04-01,7.88,8.52,66.5,7.40,5.99,6.97,1141.1,16.42,119.7,83.1359,16.013
1994-05-01,7.99,8.62,66.6,7.54,6.34,7.18,1143.3,17.89,119.9,83.3224,14.577
1994-06-01,7.97,8.65,66.4,7.51,6.27,7.10,1145.2,19.06,120.5,83.6015,15.109
1994-07-01,8.11,8.80,66.4,7.67,6.48,7.30,1150.7,19.66,120.7,83.4688,14.875
1994-08-01,8.07,8.74,66.6,7.62,6.50,7.24,1150.6,18.38,121.2,83.6974,15.359
1994-09-01,8.34,8.98,66.6,7.87,6.69,7.46,1151.9,17.45,121.0,83.7438,15.274
1994-10-01,8.57,9.20,66.7,8.08,7.04,7.74,1150.2,17.72,120.9,84.1743,15.894
1994-11-01,8.68,9.32,66.7,8.20,7.44,7.96,1150.9,18.07,121.5,84.4093,15.890
1994-12-01,8.46,9.10,66.7,7.99,7.71,7.81,1150.7,17.16,121.9,85.0074,15.584
1995-01-01,8.46,9.08,66.8,7.97,7.66,7.78,1151.4,18.04,122.9,84.8753,14.801
1995-02-01,8.26,8.85,66.8,7.73,7.25,7.47,1147.4,18.57,123.5,84.4491,14.861
1995-03-01,8.12,8.70,66.7,7.57,6.89,7.20,1146.7,18.54,123.9,84.2801,15.256
1995-04-01,8.03,8.60,66.9,7.45,6.68,7.06,1149.3,19.90,124.6,83.9355,14.378
1995-05-01,7.65,8.20,66.5,7.01,6.27,6.63,1145.3,19.74,124.9,83.9245,14.806
1995-06-01,7.30,7.90,66.5,6.59,5.80,6.17,1144.2,18.45,125.3,83.9063,15.407
1995-07-01,7.41,8.04,66.6,6.74,5.89,6.28,1145.5,17.33,125.3,83.2659,14.700
1995-08-01,7.57,8.19,66.6,6.92,6.10,6.49,1145.4,18.02,125.1,83.9983,15.368
1995-09-01,7.32,7.93,66.6,6.65,5.89,6.20,1142.0,18.23,125.2,84.0071,15.338
1995-10-01,7.12,7.75,66.6,6.45,5.77,6.04,1137.3,17.43,125.3,83.5663,14.861
1995-11-01,7.02,7.68,66.5,6.33,5.57,5.93,1134.1,17.99,125.4,83.4295,15.380
1995-12-01,6.82,7.49,66.4,6.12,5.39,5.71,1127.5,19.03,125.7,83.3918,16.262
1996-01-01,6.81,7.47,66.4,6.11,5.20,5.65,1123.5,18.86,126.3,82.4858,14.812
1996-02-01,6.99,7.63,66.6,6.30,5.14,5.81,1118.5,19.09,126.2,83.3894,15.587
1996-03-01,7.35,8.03,66.6,6.74,5.79,6.27,1122.6,21.33,126.4,82.9383,16.044
1996-04-01,7.50,8.19,66.7,6.98,6.11,6.51,1124.8,23.50,127.4,83.3173,15.466
1996-05-01,7.62,8.30,66.7,7.11,6.27,6.74,1116.5,21.17,128.1,83.5426,15.993
1996-06-01,7.71,8.40,66.7,7.22,6.49,6.91,1115.2,20.42,128.0,83.8605,15.256
1996-07-01,7.65,8.35,66.9,7.14,6.45,6.87,1112.4,21.30,128.0,83.3674,15.074
1996-08-01,7.46,8.18,66.7,6.97,6.21,6.64,1101.6,21.90,128.3,83.4647,15.486
1996-09-01,7.66,8.35,66.9,7.17,6.41,6.83,1096.2,23.97,128.2,83.6490,15.534
1996-10-01,7.39,8.07,67.0,6.90,6.08,6.53,1085.7,24.88,128.0,83.2059,15.308
1996-11-01,7.10,7.79,67.0,6.58,5.82,6.20,1083.5,23.71,128.2,83.5380,15.712
1996-12-01,7.20,7.89,67.0,6.65,5.91,6.30,1081.3,25.23,129.1,83.6723,15.183
1997-01-01,7.42,8.09,67.0,6.91,6.16,6.58,1081.2,25.13,129.7,83.3857,15.682
1997-02-01,7.31,7.94,66.9,6.77,6.03,6.42,1078.8,22.18,128.5,83.9747,15.271
1997-03-01,7.55,8.18,67.1,7.05,6.38,6.69,1072.5,20.97,127.3,84.1096,15.816
1997-04-01,7.73,8.34,67.1,7.20,6.61,6.89,1063.9,19.70,127.0,83.6972,15.058
1997-05-01,7.58,8.20,67.1,7.02,6.42,6.71,1063.8,20.82,127.4,83.7419,15.088
1997-06-01,7.41,8.02,67.1,6.84,6.24,6.49,1066.1,19.26,127.2,83.6892,14.524
1997-07-01,7.14,7.75,67.2,6.56,6.00,6.22,1065.5,19.66,126.9,83.8514,15.568
1997-08-01,7.22,7.82,67.2,6.65,6.06,6.30,1075.3,19.95,127.2,84.2312,16.148
1997-09-01,7.15,7.70,67.1,6.56,5.98,6.21,1066.9,19.80,127.5,84.4657,15.096
1997-10-01,7.00,7.57,67.1,6.38,5.84,6.03,1065.6,21.33,127.8,84.6618,15.431
1997-11-01,6.87,7.42,67.2,6.20,5.76,5.88,1070.9,20.19,127.9,84.8608,15.825
1997-12-01,6.76,7.32,67.2,6.07,5.74,5.81,1072.3,18.33,126.8,84.5738,16.474
1998-01-01,6.61,7.19,67.1,5.88,5.38,5.54,1074.0,16.72,125.4,84.4562,14.789
1998-02-01,6.67,7.25,67.1,5.96,5.43,5.57,1077.8,16.06,125.0,84.0187,15.232
1998-03-01,6.72,7.32,67.1,6.01,5.57,5.65,1076.9,15.12,124.7,83.5325,15.405
1998-04-01,6.69,7.33,67.0,6.00,5.58,5.64,1076.5,15.35,124.9,83.3082,15.923
1998-05-01,6.69,7.30,67.0,6.01,5.61,5.65,1079.1,14.91,125.1,83.3168,17.057
1998-06-01,6.53,7.13,67.0,5.80,5.52,5.50,1076.3,13.72,124.8,82.2970,16.771
1998-07-01,6.55,7.15,67.0,5.78,5.47,5.46,1075.1,14.17,124.9,81.5496,14.668
1998-08-01,6.52,7.14,67.0,5.66,5.24,5.34,1075.9,13.47,124.2,82.7766,14.796
1998-09-01,6.40,7.09,67.2,5.38,4.62,4.81,1079.9,15.03,123.8,82.1898,16.313
1998-10-01,6.37,7.18,67.2,5.30,4.18,4.53,1086.0,14.46,124.0,82.4451,17.131
1998-11-01,6.41,7.34,67.1,5.48,4.57,4.83,1094.9,13.00,123.6,81.9957,16.118
1998-12-01,6.22,7.23,67.2,5.36,4.48,4.65,1095.0,11.35,122.8,81.9189,17.409
1999-01-01,6.24,7.29,67.2,5.45,4.61,4.72,1098.1,12.52,122.9,81.9344,16.593
1999-02-01,6.40,7.39,67.2,5.66,4.90,5.00,1096.7,12.01,122.3,82.0143,17.097
1999-03-01,6.62,7.53,67.0,5.87,5.11,5.23,1096.6,14.68,122.6,81.8010,16.832
1999-04-01,6.64,7.48,67.1,5.82,5.03,5.18,1101.6,17.31,123.6,81.6934,16.929
1999-05-01,6.93,7.72,67.1,6.08,5.33,5.54,1103.8,17.72,124.7,81.9353,17.564
1999-06-01,7.23,8.02,67.1,6.36,5.70,5.90,1099.8,17.92,125.2,81.4872,17.346
1999-07-01,7.19,7.95,67.1,6.28,5.62,5.79,1099.1,20.10,125.7,81.6998,17.688
1999-08-01,7.40,8.15,67.0,6.43,5.77,5.94,1099.2,21.28,126.9,81.7408,17.641
1999-09-01,7.39,8.20,67.0,6.50,5.75,5.92,1096.5,23.80,128.0,81.0995,17.662
1999-10-01,7.55,8.38,67.0,6.66,5.94,6.11,1103.3,22.69,127.7,81.8848,17.684
1999-11-01,7.36,8.15,67.1,6.48,5.92,6.03,1110.7,25.00,128.3,81.9786,17.620
1999-12-01,7.55,8.19,67.1,6.69,6.14,6.28,1122.2,26.10,127.8,82.3225,18.322
2000-01-01,7.78,8.33,67.3,6.86,6.49,6.66,1122.2,27.26,128.3,82.0516,18.635
2000-02-01,7.68,8.29,67.3,6.54,6.65,6.52,1108.6,29.37,129.8,82.0127,19.401
2000-03-01,7.68,8.37,67.3,6.38,6.53,6.26,1107.5,29.84,130.8,82.0292,18.343
2000-04-01,7.64,8.40,67.3,6.18,6.36,5.99,1115.6,25.72,130.7,82.3411,17.939
2000-05-01,7.99,8.90,67.1,6.55,6.77,6.44,1104.9,28.79,131.6,82.2055,17.943
2000-06-01,7.67,8.48,67.1,6.28,6.43,6.10,1102.6,31.82,133.8,82.0119,17.596
2000-07-01,7.65,8.35,66.9,6.20,6.28,6.05,1103.5,29.70,133.7,81.6213,17.316
2000-08-01,7.55,8.26,66.9,6.02,6.17,5.83,1100.2,31.26,132.9,81.1192,17.531
2000-09-01,7.62,8.35,66.9,6.09,6.02,5.80,1099.7,33.88,134.7,81.1697,18.654
2000-10-01,7.55,8.34,66.8,6.04,5.85,5.74,1098.7,33.11,135.4,80.6702,17.514
2000-11-01,7.45,8.28,66.9,5.98,5.79,5.72,1092.4,34.42,135.0,80.4360,16.634
2000-12-01,7.21,8.02,67.0,5.64,5.26,5.24,1088.6,28.44,136.2,79.9609,16.222
2001-01-01,7.15,7.93,67.2,5.65,4.77,5.16,1096.7,29.59,140.0,79.1990,17.652
2001-02-01,7.10,7.87,67.1,5.62,4.71,5.10,1101.2,29.61,137.4,78.4463,17.826
2001-03-01,6.98,7.84,67.2,5.49,4.43,4.89,1108.9,27.25,135.9,78.0233,17.248
2001-04-01,7.20,8.07,66.9,5.78,4.42,5.14,1116.7,27.49,136.4,77.5674,16.872
2001-05-01,7.29,8.07,66.7,5.92,4.51,5.39,1118.5,28.63,136.8,76.8776,16.876
2001-06-01,7.18,7.97,66.7,5.82,4.35,5.28,1126.2,27.60,135.5,76.2139,17.464
2001-07-01,7.13,7.97,66.8,5.75,4.31,5.24,1138.9,26.43,133.4,75.5834,16.463
2001-08-01,7.02,7.85,66.5,5.58,4.04,4.97,1150.2,27.37,133.4,75.3028,16.348
2001-09-01,7.17,8.03,66.8,5.53,3.45,4.73,1205.7,26.20,133.3,74.8378,16.365
2001-10-01,7.03,7.91,66.7,5.34,3.14,4.57,1165.7,22.17,130.3,74.3471,22.055
2001-11-01,6.97,7.81,66.7,5.33,3.22,4.65,1171.0,19.64,129.8,73.8287,18.031
2001-12-01,6.77,8.05,66.7,5.76,3.62,5.09,1183.2,19.39,128.1,73.7034,16.465
2002-01-01,6.55,7.87,66.5,5.69,3.56,5.04,1190.7,19.72,128.5,74.0367,16.523
2002-02-01,6.51,7.89,66.8,5.61,3.55,4.91,1190.6,20.72,128.4,73.8997,17.304
2002-03-01,6.81,8.11,66.6,5.93,4.14,5.28,1193.3,24.53,129.8,74.4000,17.109
2002-04-01,6.76,8.03,66.7,5.85,4.01,5.21,1186.9,26.18,130.8,74.6213,17.667
2002-05-01,6.75,8.09,66.7,5.81,3.80,5.16,1189.3,27.04,130.8,74.8665,16.198
2002-06-01,6.63,7.95,66.6,5.65,3.49,4.93,1193.3,25.52,130.9,75.5239,16.953
2002-07-01,6.53,7.90,66.5,5.51,3.01,4.65,1199.1,26.97,131.2,75.3046,18.144
2002-08-01,6.37,7.58,66.6,5.19,2.52,4.26,1187.1,28.39,131.5,75.2919,18.449
2002-09-01,6.15,7.40,66.7,4.87,2.32,3.87,1196.1,29.66,132.3,75.3866,16.665
2002-10-01,6.32,7.73,66.6,5.00,2.25,3.94,1204.0,28.84,133.2,75.1601,16.260
2002-11-01,6.31,7.62,66.4,5.04,2.32,4.05,1209.6,26.35,133.1,75.5636,16.520
2002-12-01,6.21,7.45,66.3,5.01,2.23,4.03,1220.2,29.46,132.9,75.2121,17.866
2003-01-01,6.17,7.35,66.4,5.02,2.18,4.05,1227.3,32.95,135.3,75.8117,16.706
2003-02-01,5.95,7.06,66.4,4.87,2.05,3.90,1238.2,35.83,137.6,75.9469,16.114
2003-03-01,5.89,6.95,66.3,4.82,1.98,3.81,1239.3,33.51,141.2,75.8002,16.466
2003-04-01,5.74,6.85,66.4,4.91,2.06,3.96,1250.0,28.17,136.8,75.2892,16.754
2003-05-01,5.22,6.38,66.4,4.52,1.75,3.57,1268.8,28.11,136.7,75.3397,16.471
2003-06-01,4.97,6.19,66.5,4.34,1.51,3.33,1281.0,30.66,138.0,75.4925,17.014
2003-07-01,5.49,6.62,66.2,4.92,1.93,3.98,1287.5,30.76,137.7,75.8479,17.113
2003-08-01,5.88,7.01,66.1,5.39,2.44,4.45,1296.4,31.57,138.0,75.7592,18.262
2003-09-01,5.72,6.79,66.1,5.21,2.23,4.27,1297.2,28.31,138.5,76.2212,17.287
2003-10-01,5.70,6.73,66.1,5.21,2.26,4.29,1297.8,30.34,139.3,76.3433,16.490
2003-11-01,5.65,6.66,66.1,5.17,2.45,4.30,1299.1,31.11,138.9,76.9449,17.563
2003-12-01,5.62,6.60,65.9,5.11,2.44,4.27,1306.2,32.13,139.5,76.9031,17.357
2004-01-01,5.54,6.44,66.1,5.01,2.27,4.15,1306.0,34.31,141.4,77.1127,16.694
2004-02-01,5.50,6.27,66.0,4.94,2.25,4.08,1321.4,34.69,142.1,77.5936,17.032
2004-03-01,5.33,6.11,66.0,4.72,2.00,3.83,1328.7,36.74,143.1,77.2217,17.246
2004-04-01,5.73,6.46,65.9,5.16,2.57,4.35,1332.8,36.75,144.8,77.5842,16.900
2004-05-01,6.04,6.75,66.0,5.46,3.10,4.72,1333.3,40.28,146.8,78.2110,18.187
2004-06-01,6.01,6.78,66.1,5.45,3.26,4.73,1342.7,38.03,147.2,77.5744,16.174
2004-07-01,5.82,6.62,66.1,5.24,3.05,4.50,1340.8,40.78,147.4,78.1759,17.304
2004-08-01,5.65,6.46,66.0,5.07,2.88,4.28,1354.3,44.90,148.0,78.2314,17.158
2004-09-01,5.46,6.27,65.8,4.89,2.83,4.13,1362.5,45.94,147.7,78.2864,17.876
2004-10-01,5.47,6.21,65.9,4.85,2.85,4.10,1362.3,53.28,150.0,79.0107,17.514
2004-11-01,5.52,6.20,66.0,4.89,3.09,4.19,1374.2,48.47,151.4,79.1443,17.362
2004-12-01,5.47,6.15,65.9,4.88,3.21,4.23,1376.0,43.15,150.2,79.6835,18.102
2005-01-01,5.36,6.02,65.8,4.77,3.39,4.22,1367.1,46.84,150.9,79.9972,16.888
2005-02-01,5.20,5.82,65.9,4.61,3.54,4.17,1371.1,48.15,151.6,80.4794,16.887
2005-03-01,5.40,6.06,65.9,4.89,3.91,4.50,1370.8,54.19,153.7,80.2733,17.417
2005-04-01,5.33,6.05,66.1,4.75,3.79,4.34,1358.4,52.98,155.0,80.3227,17.754
2005-05-01,5.15,6.01,66.1,4.56,3.72,4.14,1366.0,49.83,154.3,80.3334,17.414
2005-06-01,4.96,5.86,66.1,4.35,3.69,4.00,1380.1,56.35,154.3,80.5403,18.483
2005-07-01,5.06,5.95,66.1,4.48,3.91,4.18,1369.0,59.00,156.3,80.1807,21.129
2005-08-01,5.09,5.96,66.2,4.53,4.08,4.26,1378.0,64.99,157.6,80.2946,17.419
2005-09-01,5.13,6.03,66.1,4.51,3.96,4.20,1378.6,65.59,162.2,78.6901,16.928
2005-10-01,5.35,6.30,66.1,4.74,4.29,4.46,1376.6,62.26,166.2,79.5760,15.336
2005-11-01,5.42,6.39,66.0,4.83,4.43,4.54,1375.9,58.32,163.7,80.2756,16.524
2005-12-01,5.37,6.32,66.0,4.73,4.39,4.47,1374.3,59.41,163.0,80.6666,17.174
2006-01-01,5.29,6.24,66.0,4.65,4.35,4.42,1379.5,65.49,164.3,80.6550,18.081
2006-02-01,5.35,6.27,66.1,4.73,4.64,4.57,1378.4,61.63,161.8,80.5513,17.072
2006-03-01,5.53,6.41,66.2,4.91,4.74,4.72,1383.1,62.69,162.2,80.6080,16.959
2006-04-01,5.84,6.68,66.1,5.22,4.89,4.99,1381.4,69.44,164.3,80.8178,17.129
2006-05-01,5.95,6.75,66.1,5.35,4.97,5.11,1387.2,70.84,165.8,80.6154,16.729
2006-06-01,5.89,6.78,66.2,5.29,5.09,5.11,1375.5,70.95,166.1,80.7934,16.901
2006-07-01,5.85,6.76,66.1,5.25,5.07,5.09,1372.5,74.41,166.8,80.6211,17.655
2006-08-01,5.68,6.59,66.2,5.08,4.85,4.88,1372.6,73.04,167.9,80.7817,16.459
2006-09-01,5.51,6.43,66.1,4.93,4.69,4.72,1364.3,63.80,165.4,80.4511,16.975
2006-10-01,5.51,6.42,66.2,4.94,4.72,4.73,1370.4,58.89,162.2,80.2285,16.866
2006-11-01,5.33,6.20,66.3,4.78,4.64,4.60,1370.5,59.08,164.6,79.9679,16.657
2006-12-01,5.32,6.22,66.4,4.78,4.58,4.56,1366.4,61.96,165.6,80.6105,17.107
2007-01-01,5.40,6.34,66.4,4.95,4.79,4.76,1371.7,54.51,164.0,80.0023,16.896
2007-02-01,5.39,6.28,66.3,4.93,4.75,4.72,1362.9,59.28,166.8,80.6198,17.169
2007-03-01,5.30,6.27,66.2,4.81,4.51,4.56,1366.4,60.44,169.3,80.6111,16.436
2007-04-01,5.47,6.39,65.9,4.95,4.60,4.69,1378.2,63.98,171.4,81.0020,16.617
2007-05-01,5.47,6.39,66.0,4.98,4.69,4.75,1381.0,63.46,173.3,80.8807,16.661
2007-06-01,5.79,6.70,66.0,5.29,5.00,5.10,1368.2,67.49,173.8,80.7637,16.179
2007-07-01,5.73,6.65,66.0,5.19,4.82,5.00,1371.9,74.12,175.1,80.6222,15.834
2007-08-01,5.79,6.65,65.8,5.00,4.34,4.67,1376.8,72.36,172.4,80.7225,16.380
2007-09-01,5.74,6.59,66.0,4.84,4.06,4.52,1375.6,79.92,173.5,80.9840,16.533
2007-10-01,5.66,6.48,65.8,4.83,4.01,4.53,1379.6,85.80,174.7,80.6186,16.456
2007-11-01,5.44,6.40,66.0,4.56,3.35,4.15,1371.2,94.77,179.0,81.0946,16.354
2007-12-01,5.49,6.65,66.0,4.57,3.13,4.10,1373.0,91.69,178.6,81.1260,16.030
2008-01-01,5.33,6.54,66.2,4.35,2.51,3.74,1377.7,92.97,181.0,80.9476,15.706
2008-02-01,5.53,6.82,66.0,4.49,2.19,3.74,1380.4,95.39,182.7,80.7254,15.492
2008-03-01,5.51,6.89,66.1,4.36,1.80,3.51,1388.6,105.45,187.9,80.5897,15.116
2008-04-01,5.55,6.97,65.9,4.44,2.23,3.68,1391.5,112.58,190.9,80.0336,14.602
2008-05-01,5.57,6.93,66.1,4.60,2.69,3.88,1393.6,125.40,196.6,79.6251,14.697
2008-06-01,5.68,7.07,66.1,4.74,3.08,4.10,1404.6,133.88,200.5,79.4611,14.377
2008-07-01,5.67,7.16,66.1,4.62,2.87,4.01,1421.2,133.37,205.5,79.0360,13.003
2008-08-01,5.64,7.15,66.1,4.53,2.70,3.89,1407.9,116.67,199.0,77.7935,14.119
2008-09-01,5.65,7.31,66.0,4.32,2.32,3.69,1462.2,104.11,196.9,74.3680,12.962
2008-10-01,6.28,8.88,66.0,4.45,1.86,3.81,1474.1,76.61,186.4,75.0069,10.933
2008-11-01,6.12,9.21,65.9,4.27,1.51,3.53,1513.6,57.31,176.8,73.9865,10.525
2008-12-01,5.05,8.43,65.8,3.18,1.07,2.42,1601.1,41.12,170.9,71.7426,10.383
2009-01-01,5.05,8.14,65.7,3.46,1.13,2.52,1582.8,41.71,171.2,69.9566,9.786
2009-02-01,5.27,8.08,65.8,3.83,1.37,2.87,1567.1,39.09,169.3,69.4359,9.223
2009-03-01,5.50,8.42,65.6,3.78,1.31,2.82,1578.8,47.94,168.1,68.2745,9.748
2009-04-01,5.39,8.39,65.7,3.84,1.32,2.93,1612.0,49.65,169.1,67.6767,9.380
2009-05-01,5.54,8.06,65.7,4.22,1.39,3.29,1617.9,59.03,170.8,66.9601,10.176
2009-06-01,5.61,7.50,65.7,4.51,1.76,3.72,1659.0,69.64,174.1,66.6872,10.149
2009-07-01,5.41,7.09,65.5,4.38,1.55,3.56,1662.7,64.15,172.5,67.4362,11.565
2009-08-01,5.26,6.58,65.4,4.33,1.65,3.59,1660.7,71.05,175.0,68.2344,14.754
2009-09-01,5.13,6.31,65.1,4.14,1.48,3.40,1665.1,69.41,174.1,68.8187,9.536
2009-10-01,5.15,6.29,65.0,4.16,1.46,3.39,1678.3,75.72,175.2,69.1297,10.576
2009-11-01,5.19,6.32,65.0,4.24,1.32,3.40,1681.3,77.99,177.4,69.5147,11.040
2009-12-01,5.26,6.37,64.6,4.40,1.38,3.59,1691.9,74.47,178.1,69.8537,11.284
2010-01-01,5.26,6.25,64.8,4.50,1.49,3.73,1674.6,78.33,181.9,70.8069,10.893
2010-02-01,5.35,6.34,64.9,4.48,1.40,3.69,1699.7,76.39,181.0,71.2129,10.315
2010-03-01,5.27,6.27,64.9,4.49,1.51,3.73,1711.9,81.20,183.3,71.8411,11.772
2010-04-01,5.29,6.25,65.2,4.53,1.64,3.85,1699.6,84.29,184.4,72.2743,11.454
2010-05-01,4.96,6.05,64.9,4.11,1.32,3.42,1710.6,73.74,184.8,73.4956,12.030
2010-06-01,4.88,6.23,64.6,3.95,1.17,3.20,1731.7,75.34,183.5,73.7648,11.598
2010-07-01,4.72,6.01,64.6,3.80,0.98,3.01,1724.4,76.32,184.1,74.2356,11.947
2010-08-01,4.49,5.66,64.7,3.52,0.78,2.70,1749.3,76.60,184.9,74.5955,12.014
2010-09-01,4.53,5.66,64.6,3.47,0.74,2.65,1766.5,75.24,184.9,74.8797,11.922
2010-10-01,4.68,5.72,64.4,3.52,0.57,2.54,1780.9,81.89,186.6,74.7737,12.414
2010-11-01,4.87,5.92,64.6,3.82,0.67,2.76,1826.2,84.25,187.7,74.8673,12.300
2010-12-01,5.02,6.10,64.3,4.17,0.99,3.29,1835.8,89.15,189.7,75.6440,12.606
2011-01-01,5.04,6.09,64.2,4.28,1.03,3.39,1853.4,89.17,192.7,75.5769,12.806
2011-02-01,5.22,6.15,64.1,4.42,1.28,3.58,1872.5,88.58,195.8,75.2522,13.081
2011-03-01,5.13,6.03,64.2,4.27,1.17,3.41,1891.3,102.86,199.2,75.9846,13.259
2011-04-01,5.16,6.02,64.2,4.28,1.21,3.46,1901.4,109.53,203.1,75.6763,13.327
2011-05-01,4.96,5.78,64.1,4.01,0.94,3.17,1938.7,100.90,204.1,75.7913,12.280
2011-06-01,4.99,5.75,64.0,3.91,0.71,3.00,1956.2,96.26,203.9,75.9320,11.886
2011-07-01,4.93,5.76,64.0,3.95,0.68,3.00,2001.9,97.30,204.6,76.2397,12.719
2011-08-01,4.37,5.36,64.1,3.24,0.38,2.30,2113.8,86.33,203.2,76.5547,12.604
2011-09-01,4.09,5.27,64.2,2.83,0.35,1.98,2128.1,85.52,203.7,76.4131,13.356
2011-10-01,3.98,5.37,64.1,2.87,0.47,2.15,2140.2,86.32,201.1,76.8067,13.731
2011-11-01,3.87,5.14,64.1,2.72,0.39,2.01,2164.1,97.16,201.4,76.6057,13.742
2011-12-01,3.93,5.25,64.0,2.67,0.39,1.98,2163.5,98.56,199.8,76.8861,13.798
2012-01-01,3.85,5.23,63.7,2.70,0.36,1.97,2201.8,100.27,200.7,77.2097,14.395
2012-02-01,3.85,5.14,63.8,2.75,0.38,1.97,2209.9,102.20,201.6,77.2402,14.975
2012-03-01,3.99,5.23,63.8,2.94,0.51,2.17,2229.0,106.16,204.2,76.7353,14.594
2012-04-01,3.96,5.19,63.7,2.82,0.43,2.05,2248.8,103.32,203.7,77.1696,14.770
2012-05-01,3.80,5.07,63.7,2.53,0.39,1.80,2257.2,94.66,201.9,77.1784,14.496
2012-06-01,3.64,5.02,63.8,2.31,0.39,1.62,2277.3,82.30,199.8,77.0278,14.467
2012-07-01,3.40,4.87,63.7,2.22,0.33,1.53,2318.5,87.90,200.1,77.0989,14.380
2012-08-01,3.48,4.91,63.5,2.40,0.37,1.68,2348.9,94.13,202.7,76.6028,14.444
2012-09-01,3.49,4.84,63.6,2.49,0.34,1.72,2390.1,94.51,204.4,76.5147,15.099
2012-10-01,3.47,4.58,63.8,2.51,0.37,1.75,2422.5,89.49,203.5,76.5534,14.831
2012-11-01,3.50,4.51,63.6,2.39,0.36,1.65,2421.2,86.53,201.8,76.8008,15.456
2012-12-01,3.65,4.63,63.7,2.47,0.35,1.72,2460.6,87.86,201.5,76.9541,15.462
2013-01-01,3.80,4.73,63.7,2.68,0.39,1.91,2473.3,94.76,202.5,76.7396,15.813
2013-02-01,3.90,4.85,63.4,2.78,0.40,1.98,2472.4,95.31,204.3,77.0716,15.861
2013-03-01,3.93,4.85,63.3,2.78,0.39,1.96,2480.4,92.94,204.0,77.2816,15.724
2013-04-01,3.73,4.59,63.4,2.55,0.34,1.76,2515.8,92.02,203.5,77.0537,15.808
2013-05-01,3.89,4.73,63.4,2.73,0.40,1.93,2530.7,94.51,204.1,77.0493,15.884
2013-06-01,4.27,5.19,63.4,3.07,0.58,2.30,2531.4,95.77,204.3,77.1240,16.148
2013-07-01,4.34,5.32,63.3,3.31,0.64,2.58,2545.8,104.67,204.4,76.7206,16.021
2013-08-01,4.54,5.42,63.3,3.49,0.70,2.74,2552.1,106.57,204.2,77.1577,15.827
2013-09-01,4.64,5.47,63.2,3.53,0.78,2.81,2584.5,106.29,203.9,77.4882,15.857
2013-10-01,4.53,5.31,62.8,3.38,0.63,2.62,2623.0,100.54,202.5,77.2874,15.729
2013-11-01,4.63,5.38,63.0,3.50,0.58,2.72,2623.1,93.86,201.2,77.4494,16.078
2013-12-01,4.62,5.38,62.9,3.63,0.69,2.90,2664.4,97.63,202.0,77.6192,15.835
2014-01-01,4.49,5.19,62.9,3.52,0.78,2.86,2696.4,94.62,203.8,77.2295,15.623
2014-02-01,4.45,5.10,62.9,3.38,0.69,2.71,2726.4,100.82,205.7,77.8131,15.942
2014-03-01,4.38,5.06,63.1,3.35,0.82,2.72,2754.8,100.80,207.0,78.4870,17.029
2014-04-01,4.24,4.90,62.8,3.27,0.88,2.71,2778.6,102.07,208.3,78.4423,16.684
2014-05-01,4.16,4.76,62.9,3.12,0.83,2.56,2795.2,102.18,208.0,78.6377,17.128
2014-06-01,4.25,4.80,62.8,3.15,0.90,2.60,2829.5,105.79,208.3,78.8358,17.505
2014-07-01,4.16,4.73,62.9,3.07,0.97,2.54,2841.6,103.59,208.0,78.8874,17.201
2014-08-01,4.08,4.69,62.9,2.94,0.93,2.42,2802.9,96.54,207.0,78.6908,17.191
2014-09-01,4.11,4.80,62.8,3.01,1.05,2.53,2862.2,93.21,206.4,78.8180,16.996
2014-10-01,3.92,4.69,62.9,2.77,0.88,2.30,2868.8,84.40,203.4,78.7287,16.798
2014-11-01,3.92,4.79,62.9,2.76,0.96,2.33,2884.9,75.79,200.9,79.2428,17.012
2014-12-01,3.79,4.74,62.8,2.55,1.06,2.21,2940.7,59.29,197.0,79.0322,17.190
2015-01-01,3.46,4.45,62.9,2.20,0.90,1.88,2941.0,47.22,192.0,78.5510,16.961
2015-02-01,3.61,4.51,62.7,2.34,0.99,1.98,3007.1,50.58,191.1,78.0783,16.810
2015-03-01,3.64,4.54,62.6,2.41,1.02,2.04,2999.6,47.82,191.5,77.7947,17.862
2015-04-01,3.52,4.48,62.7,2.33,0.87,1.94,3000.9,54.45,190.9,77.2778,17.614
2015-05-01,3.98,4.89,62.9,2.69,0.98,2.20,2986.6,59.27,193.4,76.8939,18.018
2015-06-01,4.19,5.13,62.6,2.85,1.07,2.36,3020.0,59.82,194.8,76.5911,17.843
2015-07-01,4.15,5.20,62.6,2.77,1.03,2.32,3039.7,50.90,193.9,77.0087,18.227
2015-08-01,4.04,5.19,62.6,2.55,1.03,2.17,3028.5,42.87,191.9,76.8645,18.370
2015-09-01,4.07,5.34,62.4,2.62,1.01,2.17,3044.2,45.48,189.1,76.5609,18.290
2015-10-01,3.95,5.34,62.5,2.50,0.93,2.07,3018.6,46.22,187.5,76.2641,18.274
2015-11-01,4.06,5.46,62.6,2.69,1.20,2.26,3081.7,42.44,185.7,75.7226,18.391
2015-12-01,3.97,5.46,62.7,2.61,1.28,2.24,3094.9,37.19,183.5,75.2731,17.485
2016-01-01,4.00,5.45,62.7,2.49,1.14,2.09,3099.0,31.68,182.6,75.8803,18.116
2016-02-01,3.96,5.34,62.8,2.20,0.90,1.78,3130.4,30.32,181.3,75.3187,17.922
2016-03-01,3.82,5.13,62.9,2.28,1.04,1.89,3151.1,37.55,182.1,74.6970,17.337
2016-04-01,3.62,4.79,62.8,2.21,0.92,1.81,3200.3,40.75,183.2,74.7409,17.691
2016-05-01,3.65,4.68,62.7,2.22,0.97,1.81,3238.7,46.71,185.3,74.6427,17.713
2016-06-01,3.50,4.53,62.7,2.02,0.86,1.64,3245.7,48.76,187.6,74.9324,17.727
2016-07-01,3.28,4.22,62.8,1.82,0.79,1.50,3247.9,44.65,187.7,75.0813,18.033
2016-08-01,3.32,4.24,62.9,1.89,0.85,1.56,3315.1,44.72,186.6,74.9718,17.787
2016-09-01,3.41,4.31,62.9,2.02,0.90,1.63,3326.5,45.18,186.9,74.9346,18.032
2016-10-01,3.51,4.38,62.8,2.17,0.99,1.76,3335.7,49.78,186.7,75.0413,17.980
2016-11-01,3.86,4.71,62.7,2.54,1.22,2.14,3354.1,45.66,186.3,74.8585,17.819
2016-12-01,4.06,4.83,62.7,2.84,1.49,2.49,3342.4,51.97,188.2,75.4682,18.243
2017-01-01,3.92,4.66,62.9,2.75,1.48,2.43,3390.9,52.50,190.7,75.5192,17.678
2017-02-01,3.95,4.64,62.9,2.76,1.47,2.42,3404.7,53.47,191.6,75.2098,17.651
2017-03-01,4.01,4.68,62.9,2.83,1.59,2.48,3445.5,49.33,191.5,75.6990,17.130
2017-04-01,3.87,4.57,62.9,2.67,1.44,2.30,3454.2,51.06,193.0,76.3643,17.229
2017-05-01,3.85,4.55,62.8,2.70,1.48,2.30,3517.3,48.48,192.8,76.4548,17.200
2017-06-01,3.68,4.37,62.8,2.54,1.49,2.19,3525.9,45.18,193.6,76.5694,17.195
2017-07-01,3.70,4.39,62.9,2.65,1.54,2.32,3550.9,46.63,193.5,76.5277,17.094
2017-08-01,3.63,4.31,62.9,2.55,1.48,2.21,3580.7,48.04,193.8,76.1529,16.867
2017-09-01,3.63,4.30,63.1,2.53,1.51,2.20,3574.2,49.82,194.8,76.1375,18.514
2017-10-01,3.60,4.32,62.7,2.65,1.68,2.36,3606.7,51.58,194.9,77.2684,18.301
2017-11-01,3.57,4.27,62.8,2.60,1.81,2.35,3630.6,56.64,195.9,77.6484,17.952
2017-12-01,3.51,4.22,62.7,2.60,1.96,2.40,3612.0,57.88,196.3,77.8571,17.802
2018-01-01,3.55,4.26,62.7,2.73,2.15,2.58,3653.1,63.70,197.9,77.6079,17.541
2018-02-01,3.82,4.51,63.0,3.02,2.36,2.86,3622.5,62.23,199.3,77.8178,17.393
2018-03-01,3.87,4.64,62.9,2.97,2.42,2.84,3656.3,62.73,199.3,78.1856,17.708
2018-04-01,3.85,4.67,62.8,2.96,2.52,2.87,3660.2,66.25,200.3,78.8045,17.648
2018-05-01,4.00,4.83,62.8,3.05,2.66,2.98,3654.6,69.98,203.2,78.0794,17.655
2018-06-01,3.96,4.83,62.9,2.98,2.65,2.91,3655.0,67.87,204.2,78.5531,17.710
2018-07-01,3.87,4.79,62.9,2.94,2.70,2.89,3676.9,70.98,204.3,78.7794,17.210
2018-08-01,3.88,4.77,62.7,2.97,2.71,2.89,3679.8,68.06,203.4,79.2810,17.197
2018-09-01,3.98,4.88,62.7,3.08,2.84,3.00,3703.6,70.23,203.6,79.2538,17.966
2018-10-01,4.14,5.07,62.9,3.27,2.94,3.15,3720.7,70.75,204.6,79.2889,18.102
2018-11-01,4.22,5.22,62.9,3.27,2.91,3.12,3700.1,56.96,202.3,79.5725,17.940
2018-12-01,4.02,5.13,63.1,2.98,2.67,2.83,3751.3,49.52,201.0,79.4625,18.003
2019-01-01,3.93,5.12,63.2,2.89,2.52,2.71,3744.3,51.38,199.1,79.0046,17.221
2019-02-01,3.79,4.95,63.2,2.87,2.48,2.68,3766.2,54.95,199.2,78.4687,16.887
2019-03-01,3.77,4.84,63.0,2.80,2.37,2.57,3725.7,58.15,201.1,78.4027,17.864
2019-04-01,3.69,4.70,62.8,2.76,2.31,2.53,3783.0,63.86,202.1,77.8974,16.918
2019-05-01,3.67,4.63,62.8,2.63,2.16,2.40,3791.0,60.83,201.5,78.0865,17.934
2019-06-01,3.42,4.46,62.9,2.36,1.78,2.07,3831.7,54.66,200.3,77.9216,17.835