DATE,BAA10YM,CPIAUCSL,FEDFUNDS,HOUST,INDPRO,INTDSRUSM193N,ISRATIO,M2SL,MTSDS133FMS,PAYEMS,PCE,T10Y2YM,T10YFFM,UMCSENT,UNRATE,USSLIND
1919-01-01,,,,,5.0124,,,,,,,,,,,
1919-02-01,,,,,4.7908,,,,,,,,,,,
1919-03-01,,,,,4.6524,,,,,,,,,,,
1919-04-01,,,,,4.7355,,,,,,,,,,,
1919-05-01,,,,,4.7632,,,,,,,,,,,
1919-06-01,,,,,5.0678,,,,,,,,,,,
1919-07-01,,,,,5.3724,,,,,,,,,,,
1919-08-01,,,,,5.4555,,,,,,,,,,,
1919-09-01,,,,,5.3447,,,,,,,,,,,
1919-10-01,,,,,5.2893,,,,,,,,,,,
1919-11-01,,,,,5.2062,,,,,,,,,,,
1919-12-01,,,,,5.2893,,,,,,,,,,,
1920-01-01,,,,,5.7878,,,,,,,,,,,
1920-02-01,,,,,5.7878,,,,,,,,,,,
1920-03-01,,,,,5.6770,,,,,,,,,,,
1920-04-01,,,,,5.3724,,,,,,,,,,,
1920-05-01,,,,,5.5109,,,,,,,,,,,
1920-06-01,,,,,5.5663,,,,,,,,,,,
1920-07-01,,,,,5.4278,,,,,,,,,,,
1920-08-01,,,,,5.4555,,,,,,,,,,,
1920-09-01,,,,,5.2616,,,,,,,,,,,
1920-10-01,,,,,5.0401,,,,,,,,,,,
1920-11-01,,,,,4.6247,,,,,,,,,,,
1920-12-01,,,,,4.3478,,,,,,,,,,,
1921-01-01,,,,,4.0985,,,,,,,,,,,
1921-02-01,,,,,4.0155,,,,,,,,,,,
1921-03-01,,,,,3.9047,,,,,,,,,,,
1921-04-01,,,,,3.9047,,,,,,,,,,,
1921-05-01,,,,,4.0155,,,,,,,,,,,
1921-06-01,,,,,3.9878,,,,,,,,,,,
1921-07-01,,,,,3.9601,,,,,,,,,,,
1921-08-01,,,,,4.0985,,,,,,,,,,,
1921-09-01,,,,,4.1262,,,,,,,,,,,
1921-10-01,,,,,4.3755,,,,,,,,,,,
1921-11-01,,,,,4.3201,,,,,,,,,,,
1921-12-01,,,,,4.2924,,,,,,,,,,,
1922-01-01,,,,,4.4585,,,,,,,,,,,
1922-02-01,,,,,4.6524,,,,,,,,,,,
1922-03-01,,,,,4.9016,,,,,,,,,,,
1922-04-01,,,,,4.7355,,,,,,,,,,,
1922-05-01,,,,,4.9847,,,,,,,,,,,
1922-06-01,,,,,5.2339,,,,,,,,,,,
1922-07-01,,,,,5.2339,,,,,,,,,,,
1922-08-01,,,,,5.1232,,,,,,,,,,,
1922-09-01,,,,,5.4001,,,,,,,,,,,
1922-10-01,,,,,5.7047,,,,,,,,,,,
1922-11-01,,,,,5.9539,,,,,,,,,,,
1922-12-01,,,,,6.1201,,,,,,,,,,,
1923-01-01,,,,,5.9816,,,,,,,,,,,
1923-02-01,,,,,6.0647,,,,,,,,,,,
1923-03-01,,,,,6.2586,,,,,,,,,,,
1923-04-01,,,,,6.3970,,,,,,,,,,,
1923-05-01,,,,,6.4801,,,,,,,,,,,
1923-06-01,,,,,6.4247,,,,,,,,,,,
1923-07-01,,,,,6.3693,,,,,,,,,,,
1923-08-01,,,,,6.2586,,,,,,,,,,,
1923-09-01,,,,,6.1201,,,,,,,,,,,
1923-10-01,,,,,6.0924,,,,,,,,,,,
1923-11-01,,,,,6.0924,,,,,,,,,,,
1923-12-01,,,,,5.9539,,,,,,,,,,,
1924-01-01,,,,,6.0924,,,,,,,,,,,
1924-02-01,,,,,6.2032,,,,,,,,,,,
1924-03-01,,,,,6.0924,,,,,,,,,,,
1924-04-01,,,,,5.8986,,,,,,,,,,,
1924-05-01,,,,,5.6493,,,,,,,,,,,
1924-06-01,,,,,5.4001,,,,,,,,,,,
1924-07-01,,,,,5.3170,,,,,,,,,,,
1924-08-01,,,,,5.5109,,,,,,,,,,,
1924-09-01,,,,,5.7047,,,,,,,,,,,
1924-10-01,,,,,5.8432,,,,,,,,,,,
1924-11-01,,,,,5.9540,,,,,,,,,,,
1924-12-01,,,,,6.1201,,,,,,,,,,,
1925-01-01,,,,,6.3140,,,,,,,,,,,
1925-02-01,,,,,6.3140,,,,,,,,,,,
1925-03-01,,,,,6.3140,,,,,,,,,,,
1925-04-01,,,,,6.3693,,,,,,,,,,,
1925-05-01,,,,,6.3416,,,,,,,,,,,
1925-06-01,,,,,6.2863,,,,,,,,,,,
1925-07-01,,,,,6.4524,,,,,,,,,,,
1925-08-01,,,,,6.3416,,,,,,,,,,,
1925-09-01,,,,,6.2586,,,,,,,,,,,
1925-10-01,,,,,6.5078,,,,,,,,,,,
1925-11-01,,,,,6.6463,,,,,,,,,,,
1925-12-01,,,,,6.7293,,,,,,,,,,,
1926-01-01,,,,,6.6186,,,,,,,,,,,
1926-02-01,,,,,6.6186,,,,,,,,,,,
1926-03-01,,,,,6.7017,,,,,,,,,,,
1926-04-01,,,,,6.7017,,,,,,,,,,,
1926-05-01,,,,,6.6463,,,,,,,,,,,
1926-06-01,,,,,6.7293,,,,,,,,,,,
1926-07-01,,,,,6.7570,,,,,,,,,,,
1926-08-01,,,,,6.8401,,,,,,,,,,,
1926-09-01,,,,,6.9509,,,,,,,,,,,
1926-10-01,,,,,6.9509,,,,,,,,,,,
1926-11-01,,,,,6.9232,,,,,,,,,,,
1926-12-01,,,,,6.8955,,,,,,,,,,,
1927-01-01,,,,,6.8678,,,,,,,,,,,
1927-02-01,,,,,6.9232,,,,,,,,,,,
1927-03-01,,,,,7.0063,,,,,,,,,,,
1927-04-01,,,,,6.8401,,,,,,,,,,,
1927-05-01,,,,,6.8955,,,,,,,,,,,
1927-06-01,,,,,6.8678,,,,,,,,,,,
1927-07-01,,,,,6.7847,,,,,,,,,,,
1927-08-01,,,,,6.7847,,,,,,,,,,,
1927-09-01,,,,,6.6740,,,,,,,,,,,
1927-10-01,,,,,6.5355,,,,,,,,,,,
1927-11-01,,,,,6.5355,,,,,,,,,,,
1927-12-01,,,,,6.5632,,,,,,,,,,,
1928-01-01,,,,,6.7017,,,,,,,,,,,
1928-02-01,,,,,6.7570,,,,,,,,,,,
1928-03-01,,,,,6.8124,,,,,,,,,,,
1928-04-01,,,,,6.7847,,,,,,,,,,,
1928-05-01,,,,,6.8678,,,,,,,,,,,
1928-06-01,,,,,6.9232,,,,,,,,,,,
1928-07-01,,,,,7.0063,,,,,,,,,,,
1928-08-01,,,,,7.1447,,,,,,,,,,,
1928-09-01,,,,,7.2001,,,,,,,,,,,
1928-10-01,,,,,7.3386,,,,,,,,,,,
1928-11-01,,,,,7.4770,,,,,,,,,,,
1928-12-01,,,,,7.6155,,,,,,,,,,,
1929-01-01,,,,,7.7263,,,,,,,,,,,
1929-02-01,,,,,7.6986,,,,,,,,,,,
1929-03-01,,,,,7.7263,,,,,,,,,,,
1929-04-01,,,,,7.8648,,,,,,,,,,,
1929-05-01,,,,,8.0032,,,,,,,,,,,
1929-06-01,,,,,8.0586,,,,,,,,,,,
1929-07-01,,,,,8.1694,,,,,,,,,,,
1929-08-01,,,,,8.0863,,,,,,,,,,,
1929-09-01,,,,,8.0309,,,,,,,,,,,
1929-10-01,,,,,7.8924,,,,,,,,,,,
1929-11-01,,,,,7.5047,,,,,,,,,,,
1929-12-01,,,,,7.1724,,,,,,,,,,,
1930-01-01,,,,,7.1724,,,,,,,,,,,
1930-02-01,,,,,7.1447,,,,,,,,,,,
1930-03-01,,,,,7.0340,,,,,,,,,,,
1930-04-01,,,,,6.9786,,,,,,,,,,,
1930-05-01,,,,,6.8678,,,,,,,,,,,
1930-06-01,,,,,6.6740,,,,,,,,,,,
1930-07-01,,,,,6.3693,,,,,,,,,,,
1930-08-01,,,,,6.2309,,,,,,,,,,,
1930-09-01,,,,,6.1201,,,,,,,,,,,
1930-10-01,,,,,5.9539,,,,,,,,,,,
1930-11-01,,,,,5.8155,,,,,,,,,,,
1930-12-01,,,,,5.6770,,,,,,,,,,,
1931-01-01,,,,,5.6493,,,,,,,,,,,
1931-02-01,,,,,5.6770,,,,,,,,,,,
1931-03-01,,,,,5.7878,,,,,,,,,,,
1931-04-01,,,,,5.8155,,,,,,,,,,,
1931-05-01,,,,,5.7324,,,,,,,,,,,
1931-06-01,,,,,5.5939,,,,,,,,,,,
1931-07-01,,,,,5.5109,,,,,,,,,,,
1931-08-01,,,,,5.3170,,,,,,,,,,,
1931-09-01,,,,,5.0678,,,,,,,,,,,
1931-10-01,,,,,4.8739,,,,,,,,,,,
1931-11-01,,,,,4.8185,,,,,,,,,,,
1931-12-01,,,,,4.7908,,,,,,,,,,,
1932-01-01,,,,,4.6524,,,,,,,,,,,
1932-02-01,,,,,4.5416,,,,,,,,,,,
1932-03-01,,,,,4.4862,,,,,,,,,,,
1932-04-01,,,,,4.1816,,,,,,,,,,,
1932-05-01,,,,,4.0431,,,,,,,,,,,
1932-06-01,,,,,3.9047,,,,,,,,,,,
1932-07-01,,,,,3.7939,,,,,,,,,,,
1932-08-01,,,,,3.9047,,,,,,,,,,,
1932-09-01,,,,,4.1539,,,,,,,,,,,
1932-10-01,,,,,4.2924,,,,,,,,,,,
1932-11-01,,,,,4.2924,,,,,,,,,,,
1932-12-01,,,,,4.2093,,,,,,,,,,,
1933-01-01,,,,,4.1262,,,,,,,,,,,
1933-02-01,,,,,4.1539,,,,,,,,,,,
1933-03-01,,,,,3.9047,,,,,,,,,,,
1933-04-01,,,,,4.1816,,,,,,,,,,,
1933-05-01,,,,,4.8739,,,,,,,,,,,
1933-06-01,,,,,5.6216,,,,,,,,,,,
1933-07-01,,,,,6.1478,,,,,,,,,,,
1933-08-01,,,,,5.8986,,,,,,,,,,,
1933-09-01,,,,,5.5663,,,,,,,,,,,
1933-10-01,,,,,5.2893,,,,,,,,,,,
1933-11-01,,,,,4.9847,,,,,,,,,,,
1933-12-01,,,,,5.0124,,,,,,,,,,,
1934-01-01,,,,,5.1785,,,,,,,,,,,
1934-02-01,,,,,5.4278,,,,,,,,,,,
1934-03-01,,,,,5.6770,,,,,,,,,,,
1934-04-01,,,,,5.6770,,,,,,,,,,,
1934-05-01,,,,,5.7878,,,,,,,,,,,
1934-06-01,,,,,5.6770,,,,,,,,,,,
1934-07-01,,,,,5.2893,,,,,,,,,,,
1934-08-01,,,,,5.2339,,,,,,,,,,,
1934-09-01,,,,,4.9293,,,,,,,,,,,
1934-10-01,,,,,5.1509,,,,,,,,,,,
1934-11-01,,,,,5.2062,,,,,,,,,,,
1934-12-01,,,,,5.5386,,,,,,,,,,,
1935-01-01,,,,,5.9816,,,,,,,,,,,
1935-02-01,,,,,6.0924,,,,,,,,,,,
1935-03-01,,,,,6.0647,,,,,,,,,,,
1935-04-01,,,,,5.9539,,,,,,,,,,,
1935-05-01,,,,,5.9539,,,,,,,,,,,
1935-06-01,,,,,6.0370,,,,,,,,,,,
1935-07-01,,,,,6.0370,,,,,,,,,,,
1935-08-01,,,,,6.2586,,,,,,,,,,,
1935-09-01,,,,,6.4247,,,,,,,,,,,
1935-10-01,,,,,6.6186,,,,,,,,,,,
1935-11-01,,,,,6.7570,,,,,,,,,,,
1935-12-01,,,,,6.8401,,,,,,,,,,,
1936-01-01,,,,,6.7293,,,,,,,,,,,
1936-02-01,,,,,6.5632,,,,,,,,,,,
1936-03-01,,,,,6.6463,,,,,,,,,,,
1936-04-01,,,,,7.0617,,,,,,,,,,,
1936-05-01,,,,,7.2001,,,,,,,,,,,
1936-06-01,,,,,7.3386,,,,,,,,,,,
1936-07-01,,,,,7.4770,,,,,,,,,,,
1936-08-01,,,,,7.5878,,,,,,,,,,,
1936-09-01,,,,,7.7263,,,,,,,,,,,
1936-10-01,,,,,7.8371,,,,,,,,,,,
1936-11-01,,,,,8.0586,,,,,,,,,,,
1936-12-01,,,,,8.3078,,,,,,,,,,,
1937-01-01,,,,,8.2801,,,,,,,,,,,
1937-02-01,,,,,8.3909,,,,,,,,,,,
1937-03-01,,,,,8.5848,,,,,,,,,,,
1937-04-01,,,,,8.5848,,,,,,,,,,,
1937-05-01,,,,,8.6125,,,,,,,,,,,
1937-06-01,,,,,8.5017,,,,,,,,,,,
1937-07-01,,,,,8.5571,,,,,,,,,,,
1937-08-01,,,,,8.5017,,,,,,,,,,,
1937-09-01,,,,,8.2248,,,,,,,,,,,
1937-10-01,,,,,7.6155,,,,,,,,,,,
1937-11-01,,,,,6.8678,,,,,,,,,,,
1937-12-01,,,,,6.2586,,,,,,,,,,,
1938-01-01,,,,,6.1201,,,,,,,,,,,
1938-02-01,,,,,6.0647,,,,,,,,,,,
1938-03-01,,,,,6.0647,,,,,,,,,,,
1938-04-01,,,,,5.9539,,,,,,,,,,,
1938-05-01,,,,,5.8155,,,,,,,,,,,
1938-06-01,,,,,5.8709,,,,,,,,,,,
1938-07-01,,,,,6.2032,,,,,,,,,,,
1938-08-01,,,,,6.5355,,,,,,,,,,,
1938-09-01,,,,,6.7293,,,,,,,,,,,
1938-10-01,,,,,6.8955,,,,,,,,,,,
1938-11-01,,,,,7.1724,,,,,,,,,,,
1938-12-01,,,,,7.2555,,,,,,,,,,,
1939-01-01,,,,,7.2555,,,,,29923,,,,,,
1939-02-01,,,,,7.3109,,,,,30100,,,,,,
1939-03-01,,,,,7.3386,,,,,30280,,,,,,
1939-04-01,,,,,7.3109,,,,,30094,,,,,,
1939-05-01,,,,,7.2832,,,,,30299,,,,,,
1939-06-01,,,,,7.4494,,,,,30502,,,,,,
1939-07-01,,,,,7.6709,,,,,30419,,,,,,
1939-08-01,,,,,7.7817,,,,,30663,,,,,,
1939-09-01,,,,,8.2525,,,,,31031,,,,,,
1939-10-01,,,,,8.6678,,,,,31411,,,,,,
1939-11-01,,,,,8.8894,,,,,31470,,,,,,
1939-12-01,,,,,8.8894,,,,,31542,,,,,,
1940-01-01,,,,,8.7786,,,,,31603,,,,,,
1940-02-01,,,,,8.5017,,,,,31715,,,,,,
1940-03-01,,,,,8.3078,,,,,31825,,,,,,
1940-04-01,,,,,8.4740,,,,,31701,,,,,,
1940-05-01,,,,,8.7232,,,,,31879,,,,,,
1940-06-01,,,,,9.0002,,,,,31977,,,,,,
1940-07-01,,,,,9.1109,,,,,31942,,,,,,
1940-08-01,,,,,9.1663,,,,,32352,,,,,,
1940-09-01,,,,,9.3602,,,,,32810,,,,,,
1940-10-01,,,,,9.4986,,,,,33267,,,,,,
1940-11-01,,,,,9.7202,,,,,33669,,,,,,
1940-12-01,,,,,10.0525,,,,,34174,,,,,,
1941-01-01,,,,,10.3017,,,,,34481,,,,,,
1941-02-01,,,,,10.6063,,,,,34843,,,,,,
1941-03-01,,,,,10.9386,,,,,35092,,,,,,
1941-04-01,,,,,10.9663,,,,,35468,,,,,,
1941-05-01,,,,,11.4648,,,,,36182,,,,,,
1941-06-01,,,,,11.5479,,,,,36650,,,,,,
1941-07-01,,,,,11.6864,,,,,37137,,,,,,
1941-08-01,,,,,11.8248,,,,,37544,,,,,,
1941-09-01,,,,,11.8248,,,,,37835,,,,,,
1941-10-01,,,,,11.9356,,,,,37949,,,,,,
1941-11-01,,,,,11.9910,,,,,38024,,,,,,
1941-12-01,,,,,12.1848,,,,,38104,,,,,,
1942-01-01,,,,,12.4341,,,,,38347,,,,,,
1942-02-01,,,,,12.6556,,,,,38512,,,,,,
1942-03-01,,,,,12.7941,,,,,38935,,,,,,
1942-04-01,,,,,12.4341,,,,,39352,,,,,,
1942-05-01,,,,,12.4617,,,,,39771,,,,,,
1942-06-01,,,,,12.4895,,,,,40029,,,,,,
1942-07-01,,,,,12.7941,,,,,40472,,,,,,
1942-08-01,,,,,13.1818,,,,,40988,,,,,,
1942-09-01,,,,,13.4864,,,,,41259,,,,,,
1942-10-01,,,,,13.9295,,,,,41515,,,,,,
1942-11-01,,,,,14.2618,,,,,41674,,,,,,
1942-12-01,,,,,14.5941,,,,,41915,,,,,,
1943-01-01,,,,,14.7326,,,,,42172,,,,,,
1943-02-01,,,,,15.1203,,,,,42393,,,,,,
1943-03-01,,,,,15.2310,,,,,42552,,,,,,
1943-04-01,,,,,15.4249,,,,,42647,,,,,,
1943-05-01,,,,,15.5356,,,,,42596,,,,,,
1943-06-01,,,,,15.4526,,,,,42781,,,,,,
1943-07-01,,,,,15.9233,,,,,42700,,,,,,
1943-08-01,,,,,16.2557,,,,,42546,,,,,,
1943-09-01,,,,,16.6711,,,,,42492,,,,,,
1943-10-01,,,,,16.9203,,,,,42675,,,,,,
1943-11-01,,,,,17.1418,,,,,42821,,,,,,
1943-12-01,,,,,16.9203,,,,,42746,,,,,,
1944-01-01,,,,,17.1141,,,,,42654,,,,,,
1944-02-01,,,,,17.2526,,,,,42538,,,,,,
1944-03-01,,,,,17.2249,,,,,42294,,,,,,
1944-04-01,,,,,17.2249,,,,,42063,,,,,,
1944-05-01,,,,,17.1142,,,,,41985,,,,,,
1944-06-01,,,,,17.0588,,,,,41947,,,,,,
1944-07-01,,,,,17.0311,,,,,41904,,,,,,
1944-08-01,,,,,17.2526,,,,,41850,,,,,,
1944-09-01,,,,,17.1418,,,,,41679,,,,,,
1944-10-01,,,,,17.1972,,,,,41708,,,,,,
1944-11-01,,,,,17.0588,,,,,41711,,,,,,
1944-12-01,,,,,17.0034,,,,,41860,,,,,,
1945-01-01,,,,,16.8372,,,,,41895,,,,,,
1945-02-01,,,,,16.7818,,,,,41897,,,,,,
1945-03-01,,,,,16.6710,,,,,41798,,,,,,
1945-04-01,,,,,16.3664,,,,,41446,,,,,,
1945-05-01,,,,,15.9234,,,,,41304,,,,,,
1945-06-01,,,,,15.5633,,,,,41149,,,,,,
1945-07-01,,,,,15.2034,,,,,40874,,,,,,
1945-08-01,,,,,13.6249,,,,,40466,,,,,,
1945-09-01,,,,,12.4064,,,,,38507,,,,,,
1945-10-01,,,,,11.9079,,,,,38600,,,,,,
1945-11-01,,,,,12.3510,,,,,38996,,,,,,
1945-12-01,,,,,12.4064,,,,,39110,,,,,,
1946-01-01,,,,,11.7140,,,,,39829,,,,,,
1946-02-01,,,,,11.1325,,,,,39244,,,,,,
1946-03-01,,,,,12.2956,,,,,40195,,,,,,
1946-04-01,,,,,12.0741,,,,,40913,,,,,,
1946-05-01,,,,,11.6310,,,,,41349,,,,,,
1946-06-01,,,,,12.3510,,,,,41735,,,,,,
1946-07-01,,,,,12.7664,,,,,42153,,,,,,
1946-08-01,,,,,13.2371,,,,,42642,,,,,,
1946-09-01,,,,,13.4864,,,,,42915,,,,,,
1946-10-01,,,,,13.7356,,,,,43093,,,,,,
1946-11-01,,,,,13.8187,,,,,43395,,,,,,
1946-12-01,,,,,13.9018,,,,,43379,,,,,,
1947-01-01,,21.480,,,14.0679,,,,,43535,,,,,,
1947-02-01,,21.620,,,14.1510,,,,,43557,,,,,,
1947-03-01,,22.000,,,14.2341,,,,,43607,,,,,,
1947-04-01,,22.000,,,14.1233,,,,,43499,,,,,,
1947-05-01,,21.950,,,14.1787,,,,,43638,,,,,,
1947-06-01,,22.080,,,14.1787,,,,,43810,,,,,,
1947-07-01,,22.230,,,14.0956,,,,,43743,,,,,,
1947-08-01,,22.400,,,14.1787,,,,,43960,,,,,,
1947-09-01,,22.840,,,14.2895,,,,,44203,,,,,,
1947-10-01,,22.910,,,14.4279,,,,,44411,,,,,,
1947-11-01,,23.060,,,14.6218,,,,,44484,,,,,,
1947-12-01,,23.410,,,14.6772,,,,,44581,,,,,,
1948-01-01,,23.680,,,14.7603,,,,,44679,,,,,3.4,
1948-02-01,,23.670,,,14.7880,,,,,44533,,,,,3.8,
1948-03-01,,23.500,,,14.6218,,,,,44683,,,,,4.0,
1948-04-01,,23.820,,,14.6495,,,,,44379,,,,,3.9,
1948-05-01,,24.010,,,14.8987,,,,,44796,,,,,3.5,
1948-06-01,,24.150,,,15.0926,,,,,45034,,,,,3.6,
1948-07-01,,24.400,,,15.0926,,,,,45160,,,,,3.6,
1948-08-01,,24.430,,,15.0372,,,,,45178,,,,,3.9,
1948-09-01,,24.360,,,14.9264,,,,,45294,,,,,3.8,
1948-10-01,,24.310,,,15.0372,,,,,45245,,,,,3.7,
1948-11-01,,24.160,,,14.8433,,,,,45192,,,,,3.8,
1948-12-01,,24.050,,,14.7049,,,,,45032,,,,,4.0,
1949-01-01,,24.010,,,14.5664,,,,,44668,,,,,4.3,
1949-02-01,,23.910,,,14.4280,,,,,44497,,,,,4.7,
1949-03-01,,23.910,,,14.1510,,,,,44240,,,,,5.0,
1949-04-01,,23.920,,,14.0679,,,,,44236,,,,,5.3,
1949-05-01,,23.910,,,13.8741,,,,,43984,,,,,6.1,
1949-06-01,,23.920,,,13.8464,,,,,43739,,,,,6.2,
1949-07-01,,23.700,,,13.8187,,,,,43531,,,,,6.7,
1949-08-01,,23.700,,,13.9572,,,,,43624,,,,,6.8,
1949-09-01,,23.750,,,14.0956,,,,,43780,,,,,6.6,
1949-10-01,,23.670,,,13.5695,,,,,42942,,,,,7.9,
1949-11-01,,23.700,,,13.9295,,,,,43242,,,,,6.4,
1949-12-01,,23.610,,,14.1787,,,,,43522,,,,,6.6,
1950-01-01,,23.510,,,14.4279,1.50,,,,43526,,,,,6.5,
1950-02-01,,23.610,,,14.4833,1.50,,,,43297,,,,,6.4,
1950-03-01,,23.640,,,14.9541,1.50,,,,43954,,,,,6.3,
1950-04-01,,23.650,,,15.4526,1.50,,,,44382,,,,,5.8,
1950-05-01,,23.770,,,15.8126,1.50,,,,44718,,,,,5.5,
1950-06-01,,23.880,,,16.2834,1.50,,,,45083,,,,,5.4,
1950-07-01,,24.070,,,16.8095,1.50,,,,45454,,,,,5.0,
1950-08-01,,24.200,,,17.3357,1.59,,,,46192,,,,,4.5,
1950-09-01,,24.340,,,17.2249,1.75,,,,46438,,,,,4.4,
1950-10-01,,24.500,,,17.3357,1.75,,,,46706,,,,,4.2,
1950-11-01,,24.600,,,17.3080,1.75,,,,46776,,,,,4.2,
1950-12-01,,24.980,,,17.6126,1.75,,,,46861,,,,,4.3,
1951-01-01,,25.380,,,17.6680,1.75,,,,47288,,,,,3.7,
1951-02-01,,25.830,,,17.7788,1.75,,,,47577,,,,,3.4,
1951-03-01,,25.880,,,17.8618,1.75,,,,47873,,,,,3.4,
1951-04-01,,25.920,,,17.8895,1.75,,,,47861,,,,,3.1,
1951-05-01,,25.990,,,17.8342,1.75,,,,47952,,,,,3.0,
1951-06-01,,25.930,,,17.7511,1.75,,,,48064,,,,,3.2,
1951-07-01,,25.910,,,17.4741,1.75,,,,48061,,,,,3.1,
1951-08-01,,25.860,,,17.3080,1.75,,,,48012,,,,,3.1,
1951-09-01,,26.030,,,17.4188,1.75,,,,47954,,,,,3.3,
1951-10-01,,26.160,,,17.3911,1.75,,,,48006,,,,,3.5,
1951-11-01,,26.320,,,17.5295,1.75,,,,48147,,,,,3.5,
1951-12-01,,26.470,,,17.6403,1.75,,,,48314,,,,,3.1,
1952-01-01,,26.450,,,17.8341,1.75,,,,48296,,,,,3.2,
1952-02-01,,26.410,,,17.9449,1.75,,,,48522,,,,,3.1,
1952-03-01,,26.390,,,18.0003,1.75,,,,48504,,,,,2.9,
1952-04-01,,26.460,,,17.8341,1.75,,,,48620,,,,,2.9,
1952-05-01,,26.470,,,17.6680,1.75,,,,48642,,,,,3.0,
1952-06-01,,26.530,,,17.5018,1.75,,,,48282,,,,,3.0,
1952-07-01,,26.680,,,17.2249,1.75,,,,48143,,,,,3.2,
1952-08-01,,26.690,,,18.3326,1.75,,,,48924,,,,,3.4,
1952-09-01,,26.630,,,18.9972,1.75,,,,49320,,,,,3.1,
1952-10-01,,26.690,,,19.1911,1.75,,,,49597,,,,,3.0,
1952-11-01,,26.690,,,19.5788,1.75,,,,49816,,,,86.2,2.8,
1952-12-01,,26.710,,,19.6896,1.75,,,,50166,,,,#N/A,2.7,
1953-01-01,,26.640,,,19.7449,1.88,,,,50144,,,,#N/A,2.9,
1953-02-01,,26.590,,,19.8557,2.00,,,,50339,,,,90.7,2.6,
1953-03-01,,26.630,,,20.0219,2.00,,,,50473,,,,#N/A,2.6,
1953-04-01,0.82,26.690,,,20.1050,2.00,,,,50435,,,,#N/A,2.7,
1953-05-01,0.73,26.700,,,20.2157,2.00,,,,50490,,,,#N/A,2.5,
1953-06-01,0.75,26.770,,,20.1326,2.00,,,,50519,,,,#N/A,2.5,
1953-07-01,0.93,26.790,,,20.3819,2.00,,,,50536,,,,#N/A,2.6,
1953-08-01,0.90,26.850,,,20.2711,2.00,,,,50489,,,,80.8,2.7,
1953-09-01,1.01,26.890,,,19.8557,2.00,,,,50368,,,,#N/A,2.9,
1953-10-01,1.16,26.950,,,19.6896,2.00,,,,50240,,,,#N/A,3.1,
1953-11-01,1.07,26.850,,,19.2188,2.00,,,,49908,,,,80.7,3.5,
1953-12-01,1.15,26.870,,,18.7480,2.00,,,,49703,,,,#N/A,4.5,
1954-01-01,1.23,26.940,,,18.6095,2.00,,,,49469,,,,#N/A,4.9,
1954-02-01,1.14,26.990,,,18.6649,1.79,,,,49382,,,,82.0,5.2,
1954-03-01,1.14,26.930,,,18.5542,1.75,,,,49157,,,,#N/A,5.7,
1954-04-01,1.18,26.860,,,18.4434,1.63,,,,49179,,,,#N/A,5.9,
1954-05-01,1.10,26.930,,,18.5542,1.50,,,,48965,,,,82.9,5.9,
1954-06-01,1.11,26.940,,,18.6096,1.50,,,,48895,,,,#N/A,5.6,
1954-07-01,1.20,26.860,0.80,,18.6372,1.50,,,,48835,,,1.50,#N/A,5.8,
1954-08-01,1.13,26.850,1.22,,18.6095,1.50,,,,48826,,,1.14,#N/A,6.0,
1954-09-01,1.09,26.810,1.06,,18.6372,1.50,,,,48886,,,1.32,#N/A,6.1,
1954-10-01,1.03,26.720,0.85,,18.8588,1.50,,,,48942,,,1.58,#N/A,5.7,
1954-11-01,0.97,26.780,0.83,,19.1634,1.50,,,,49180,,,1.65,87.0,5.3,
1954-12-01,0.94,26.770,1.28,,19.4126,1.50,,,,49331,,,1.23,#N/A,5.0,
1955-01-01,0.84,26.770,1.39,,19.8557,1.50,,,,49496,,,1.22,#N/A,4.9,
1955-02-01,0.82,26.820,1.29,,20.1050,1.50,,,,49644,,,1.36,95.9,4.7,
1955-03-01,0.80,26.790,1.35,,20.5757,1.50,,,,49962,,,1.33,#N/A,4.6,
1955-04-01,0.74,26.790,1.43,,20.8250,1.63,,,,50248,,,1.32,#N/A,4.7,
1955-05-01,0.74,26.770,1.43,,21.1573,1.75,,,,50512,,,1.33,99.1,4.3,
1955-06-01,0.73,26.710,1.64,,21.1850,1.75,,,,50790,,,1.14,#N/A,4.2,
1955-07-01,0.62,26.760,1.68,,21.3511,1.75,,,,50987,,,1.22,#N/A,4.0,
1955-08-01,0.59,26.720,1.96,,21.3234,1.97,,,,51111,,,1.01,#N/A,4.2,
1955-09-01,0.62,26.850,2.18,,21.4619,2.18,,,,51266,,,0.79,#N/A,4.1,
1955-10-01,0.71,26.820,2.24,,21.8219,2.25,,,,51429,,,0.64,#N/A,4.3,
1955-11-01,0.69,26.880,2.35,,21.8773,2.36,,,,51592,,,0.54,99.7,4.2,
1955-12-01,0.66,26.870,2.48,,21.9604,2.50,,,,51805,,,0.48,#N/A,4.2,
1956-01-01,0.70,26.830,2.45,,22.0988,2.50,,,,51975,,,0.45,#N/A,4.0,
1956-02-01,0.74,26.860,2.50,,21.9050,2.50,,,,52167,,,0.34,#N/A,3.9,
1956-03-01,0.64,26.890,2.50,,21.9050,2.50,,,,52294,,,0.46,#N/A,4.2,
1956-04-01,0.50,26.930,2.62,,22.0712,2.65,,,,52375,,,0.56,#N/A,4.0,
1956-05-01,0.66,27.030,2.75,,21.8773,2.75,,,,52506,,,0.32,98.2,4.3,
1956-06-01,0.76,27.150,2.71,,21.6835,2.75,,,,52586,,,0.29,#N/A,4.3,
1956-07-01,0.69,27.290,2.75,,21.0188,2.75,,,,51955,,,0.36,#N/A,4.4,
1956-08-01,0.60,27.310,2.73,,21.8773,2.81,,,,52631,,,0.60,99.9,4.1,
1956-09-01,0.69,27.350,2.95,,22.3758,3.00,,,,52604,,,0.43,#N/A,3.9,
1956-10-01,0.83,27.510,2.96,,22.5696,3.00,,,,52777,,,0.38,#N/A,3.9,
1956-11-01,0.75,27.510,2.88,,22.3758,3.00,,,,52821,,,0.61,100.2,4.3,
1956-12-01,0.78,27.630,2.94,,22.7081,3.00,,,,52929,,,0.65,#N/A,4.2,
1957-01-01,1.03,27.670,2.84,,22.6250,3.00,,,,52887,,,0.62,#N/A,4.2,
1957-02-01,1.13,27.800,3.00,,22.8466,3.00,,,,53097,,,0.34,#N/A,3.9,
1957-03-01,1.02,27.860,2.96,,22.8189,3.00,,,,53156,,,0.45,#N/A,3.7,
1957-04-01,0.96,27.930,3.00,,22.5142,3.00,,,,53238,,,0.48,#N/A,3.9,
1957-05-01,0.92,28.000,3.00,,22.4312,3.00,,,,53150,,,0.60,92.9,4.1,
1957-06-01,0.83,28.110,3.00,,22.4866,3.00,,,,53067,,,0.80,#N/A,4.3,
1957-07-01,0.80,28.190,2.99,,22.6250,3.00,,,,53123,,,0.94,#N/A,4.2,
1957-08-01,0.89,28.280,3.24,,22.6250,3.15,,,,53128,,,0.69,#N/A,4.1,
1957-09-01,1.01,28.320,3.47,,22.4312,3.50,,,,52934,,,0.45,#N/A,4.4,
1957-10-01,1.02,28.320,3.50,,22.0988,3.50,,,,52763,,,0.47,#N/A,4.5,
1957-11-01,1.37,28.410,3.28,,21.5727,3.23,,,,52558,,,0.44,83.7,5.1,
1957-12-01,1.82,28.470,2.98,,21.1573,3.00,,,,52384,,,0.23,#N/A,5.2,
1958-01-01,1.74,28.640,2.72,,20.7696,2.94,,,,52076,,,0.37,#N/A,5.8,
1958-02-01,1.61,28.700,1.67,,20.3265,2.75,,,,51576,,,1.38,78.5,6.4,
1958-03-01,1.70,28.870,1.20,,20.0773,2.35,,,,51299,,,1.78,#N/A,6.7,
1958-04-01,1.79,28.940,1.26,,19.7450,2.03,,,,51027,,,1.62,#N/A,7.4,
1958-05-01,1.70,28.940,0.63,,19.9388,1.75,,,,50914,,,2.29,80.9,7.4,
1958-06-01,1.58,28.910,0.93,,20.4650,1.75,,,,50914,,,2.04,#N/A,7.3,
1958-07-01,1.33,28.890,0.68,,20.7696,1.75,,,,51039,,,2.52,#N/A,7.5,
1958-08-01,1.13,28.940,1.53,,21.1850,1.75,,,,51233,,,2.01,#N/A,7.4,
1958-09-01,1.11,28.910,1.76,,21.3788,1.91,,,,51506,,,2.00,#N/A,7.1,
1958-10-01,1.12,28.910,1.80,,21.6281,2.00,,,,51485,,,2.00,#N/A,6.7,
1958-11-01,1.13,28.950,2.27,,22.2650,2.40,,,,51944,,,1.47,90.8,6.2,
1958-12-01,0.99,28.970,2.42,,22.2927,2.50,,,,52085,,,1.44,#N/A,6.2,
1959-01-01,0.85,29.010,2.48,1657,22.6250,2.50,,286.6,,52478,306.1,,1.54,#N/A,6.0,
1959-02-01,0.93,29.000,2.43,1667,23.0681,2.50,,287.7,,52688,309.6,,1.53,#N/A,5.9,
1959-03-01,0.86,28.970,2.80,1620,23.4004,2.92,,289.2,,53014,312.7,,1.19,#N/A,5.6,
1959-04-01,0.74,28.980,2.96,1590,23.8989,3.00,,290.1,,53321,312.2,,1.16,#N/A,5.2,
1959-05-01,0.65,29.040,2.90,1498,24.2589,3.05,,292.2,,53550,316.1,,1.41,95.3,5.1,
1959-06-01,0.70,29.110,3.39,1503,24.2866,3.50,,294.1,,53681,318.2,,0.95,#N/A,5.0,
1959-07-01,0.68,29.150,3.47,1547,23.7050,3.50,,295.2,,53804,317.8,,0.93,#N/A,5.1,
1959-08-01,0.66,29.180,3.50,1430,22.9019,3.50,,296.4,,53336,320.2,,0.93,#N/A,5.2,
1959-09-01,0.50,29.250,3.76,1540,22.8743,3.83,,296.7,,53428,324.2,,0.92,#N/A,5.5,
1959-10-01,0.75,29.350,3.98,1355,22.7081,4.00,,296.5,,53358,322.8,,0.55,#N/A,5.7,
1959-11-01,0.73,29.350,4.00,1416,22.8466,4.00,,297.1,,53634,322.9,,0.53,93.8,5.8,
1959-12-01,0.59,29.410,3.99,1601,24.2589,4.00,,297.8,,54174,322.9,,0.70,#N/A,5.3,
1960-01-01,0.62,29.370,3.99,1460,24.8958,4.00,,298.2,,54274,323.6,,0.73,#N/A,5.2,
1960-02-01,0.85,29.410,3.97,1503,24.6743,4.00,,298.5,,54513,325.3,,0.52,100.0,4.8,
1960-03-01,1.00,29.410,3.84,1109,24.4528,4.00,,299.4,,54454,330.2,,0.41,#N/A,5.4,
1960-04-01,0.92,29.540,3.92,1289,24.2589,4.00,,300.1,,54813,336.5,,0.36,#N/A,5.2,
1960-05-01,0.93,29.570,3.85,1271,24.2312,4.00,,300.9,,54475,330.0,,0.50,93.3,5.1,
1960-06-01,1.11,29.610,3.32,1247,23.9266,3.65,,302.3,,54348,330.1,,0.83,#N/A,5.4,
1960-07-01,1.32,29.550,3.23,1197,23.8435,3.50,,304.1,,54306,331.4,,0.67,#N/A,5.5,
1960-08-01,1.28,29.610,2.98,1344,23.8158,3.18,,306.9,,54272,331.6,,0.82,97.2,5.6,
1960-09-01,1.21,29.610,2.60,1097,23.5666,3.00,,308.4,,54227,333.4,,1.20,#N/A,5.5,
1960-10-01,1.22,29.750,2.47,1246,23.5389,3.00,,309.5,,54142,335.4,,1.42,#N/A,6.1,
1960-11-01,1.15,29.780,2.44,1246,23.2066,3.00,,310.9,,53961,335.4,,1.49,90.1,6.1,
1960-12-01,1.26,29.810,1.98,1063,22.7635,3.00,,312.4,,53742,331.3,,1.86,#N/A,6.6,
1961-01-01,1.26,29.840,1.45,1183,22.7912,3.00,,314.1,,53683,332.2,,2.39,#N/A,6.6,
1961-02-01,1.29,29.840,2.54,1226,22.7635,3.00,,316.5,,53557,333.7,,1.24,91.6,6.9,
1961-03-01,1.28,29.840,2.02,1312,22.9020,3.00,,318.3,,53659,337.7,,1.72,#N/A,6.9,
1961-04-01,1.23,29.810,1.49,1166,23.3727,3.00,,319.9,,53627,337.6,,2.29,#N/A,7.0,
1961-05-01,1.30,29.840,1.98,1228,23.7327,3.00,,322.2,,53786,339.9,,1.73,92.5,7.1,
1961-06-01,1.15,29.840,1.73,1382,24.0650,3.00,,324.3,,53977,340.9,,2.15,#N/A,6.9,
1961-07-01,1.17,29.920,1.17,1335,24.3420,3.00,,325.6,,54123,340.6,,2.75,#N/A,7.0,
1961-08-01,1.07,29.940,2.00,1312,24.5635,3.00,,327.6,,54298,342.1,,2.04,99.2,6.6,
1961-09-01,1.14,29.980,1.88,1429,24.5358,3.00,,329.5,,54388,344.4,,2.10,#N/A,6.7,
1961-10-01,1.21,29.980,2.26,1415,25.0066,3.00,,331.1,,54522,346.5,,1.66,#N/A,6.5,
1961-11-01,1.17,29.980,2.61,1385,25.3943,3.00,,333.4,,54742,349.9,,1.33,93.0,6.1,
1961-12-01,1.04,30.010,2.33,1365,25.6158,3.00,,335.5,,54872,352.4,,1.73,#N/A,6.0,
1962-01-01,1.00,30.040,2.15,1361,25.3943,3.00,,337.5,,54891,353.2,,1.93,#N/A,5.8,
1962-02-01,1.03,30.110,2.37,1278,25.8097,3.00,,340.1,,55188,354.0,,1.67,99.9,5.5,
1962-03-01,1.11,30.170,2.85,1443,25.9482,3.00,,343.1,,55275,357.4,,1.08,#N/A,5.6,
1962-04-01,1.18,30.210,2.78,1524,26.0035,3.00,,345.5,,55602,359.0,,1.06,#N/A,5.6,
1962-05-01,1.13,30.240,2.36,1483,25.9758,3.00,,347.5,,55628,362.0,,1.51,95.4,5.5,
1962-06-01,1.11,30.210,2.68,1404,25.9205,3.00,,349.3,,55644,360.4,,1.23,#N/A,5.5,
1962-07-01,1.04,30.220,2.71,1450,26.1697,3.00,,350.8,,55746,361.4,,1.30,#N/A,5.4,
1962-08-01,1.08,30.280,2.93,1517,26.1974,3.00,,352.8,,55838,362.9,,1.05,91.6,5.7,
1962-09-01,1.05,30.420,2.90,1324,26.3635,3.00,,354.9,,55978,368.8,,1.08,#N/A,5.6,
1962-10-01,1.06,30.380,2.90,1533,26.3912,3.00,,357.2,,56041,366.5,,1.03,#N/A,5.4,
1962-11-01,1.04,30.380,2.94,1622,26.5020,3.00,,359.8,,56056,371.7,,0.98,95.0,5.7,
1962-12-01,1.06,30.380,2.93,1564,26.5020,3.00,,362.7,,56028,373.6,,0.93,#N/A,5.5,
1963-01-01,1.08,30.440,2.92,1244,26.6958,3.00,,365.2,,56115,374.4,,0.91,#N/A,5.7,
1963-02-01,0.97,30.480,3.00,1456,27.0005,3.00,,367.9,,56230,373.4,,0.92,98.4,5.9,
1963-03-01,0.95,30.510,2.98,1534,27.1666,3.00,,370.7,,56320,375.0,,0.95,#N/A,5.7,
1963-04-01,0.90,30.480,2.90,1689,27.4159,3.00,,373.3,,56580,376.4,,1.07,#N/A,5.7,
1963-05-01,0.92,30.510,3.00,1641,27.7482,3.00,,376.1,,56616,377.2,,0.93,91.7,5.9,
1963-06-01,0.85,30.610,2.99,1588,27.8313,3.00,,378.4,,56659,381.7,,1.00,#N/A,5.6,
1963-07-01,0.82,30.690,3.02,1614,27.7205,3.24,,381.1,,56794,384.4,,1.00,#N/A,5.6,
1963-08-01,0.83,30.750,3.49,1639,27.7759,3.50,,383.6,,56910,386.3,,0.51,96.4,5.4,
1963-09-01,0.76,30.720,3.48,1763,28.0528,3.50,,386.0,,57078,385.5,,0.60,#N/A,5.5,
1963-10-01,0.72,30.750,3.50,1779,28.2466,3.50,,388.3,,57283,386.0,,0.61,#N/A,5.5,
1963-11-01,0.72,30.780,3.48,1622,28.3851,3.50,,391.5,,57255,389.4,,0.64,94.4,5.7,
1963-12-01,0.72,30.880,3.38,1491,28.3297,3.50,,393.2,,57361,394.7,,0.75,#N/A,5.5,
1964-01-01,0.66,30.940,3.48,1603,28.5790,3.50,,395.2,,57487,396.8,,0.69,#N/A,5.6,
1964-02-01,0.68,30.910,3.48,1820,28.7728,3.50,,397.6,,57753,400.2,,0.67,99.5,5.4,
1964-03-01,0.61,30.940,3.43,1517,28.7728,3.50,,399.8,,57897,401.8,,0.79,#N/A,5.4,
1964-04-01,0.62,30.950,3.47,1448,29.2436,3.50,,401.7,,57922,402.8,,0.76,#N/A,5.3,
1964-05-01,0.65,30.980,3.50,1467,29.4098,3.50,,404.2,,58089,408.4,,0.70,98.5,5.1,
1964-06-01,0.68,31.010,3.50,1550,29.4928,3.50,,407.1,,58219,411.4,,0.67,#N/A,5.2,
1964-07-01,0.64,31.020,3.42,1562,29.6867,3.50,,410.1,,58412,414.9,,0.77,#N/A,4.9,
1964-08-01,0.63,31.050,3.50,1569,29.8805,3.50,,413.4,,58619,417.7,,0.69,100.6,5.0,
1964-09-01,0.62,31.080,3.45,1455,29.9913,3.50,,416.9,,58903,416.6,,0.75,#N/A,5.1,
1964-10-01,0.62,31.120,3.36,1524,29.5759,3.50,,419.1,,58793,419.6,,0.83,#N/A,5.1,
1964-11-01,0.66,31.210,3.52,1486,30.4898,3.62,,422.0,,59218,416.4,,0.63,99.9,4.8,
1964-12-01,0.63,31.250,3.85,1484,30.8498,4.00,,424.7,,59421,421.0,,0.33,#N/A,5.0,
1965-01-01,0.61,31.280,3.90,1361,31.1821,4.00,,427.5,,59582,424.4,,0.29,#N/A,4.9,
1965-02-01,0.57,31.280,3.98,1433,31.3760,4.00,,430.4,,59800,431.4,,0.23,102.0,5.1,
1965-03-01,0.57,31.310,4.04,1423,31.7913,4.00,,433.2,,60003,433.3,,0.17,#N/A,4.7,
1965-04-01,0.60,31.380,4.09,1438,31.9298,4.00,,435.4,,60259,437.1,,0.11,#N/A,4.8,
1965-05-01,0.60,31.480,4.10,1478,32.1790,4.00,,437.1,,60491,437.6,,0.11,105.4,4.6,
1965-06-01,0.64,31.610,4.04,1488,32.4283,4.00,,440.1,,60690,435.2,,0.17,#N/A,4.6,
1965-07-01,0.68,31.580,4.09,1529,32.7329,4.00,,442.9,,60965,441.0,,0.11,#N/A,4.4,
1965-08-01,0.63,31.550,4.12,1432,32.8713,4.00,,445.8,,61228,444.4,,0.13,103.4,4.4,
1965-09-01,0.62,31.620,4.01,1482,32.9544,4.00,,449.5,,61490,452.0,,0.28,#N/A,4.3,
1965-10-01,0.58,31.650,4.08,1452,33.2868,4.00,,452.6,,61719,458.5,,0.27,#N/A,4.2,
1965-11-01,0.50,31.750,4.10,1460,33.4252,4.00,,455.7,,61996,459.1,,0.35,102.9,4.1,
1965-12-01,0.40,31.850,4.32,1656,33.8406,4.42,,459.2,,62322,461.7,,0.30,#N/A,4.0,
1966-01-01,0.45,31.880,4.42,1370,34.1729,4.50,,462.0,,62529,465.2,,0.19,#N/A,4.0,
1966-02-01,0.29,32.080,4.60,1378,34.3945,4.50,,464.6,,62796,470.2,,0.23,100.0,3.8,
1966-03-01,0.45,32.180,4.65,1394,34.8652,4.50,,467.2,,63192,475.0,,0.22,#N/A,3.8,
1966-04-01,0.66,32.280,4.67,1352,34.9206,4.50,,469.3,,63437,476.9,,0.08,#N/A,3.8,
1966-05-01,0.70,32.350,4.90,1265,35.2529,4.50,,470.1,,63712,473.1,,-0.12,95.7,3.9,
1966-06-01,0.77,32.380,5.17,1194,35.4191,4.50,,471.2,,64111,475.5,,-0.36,#N/A,3.8,
1966-07-01,0.66,32.450,5.30,1086,35.6129,4.50,,470.9,,64301,480.6,,-0.28,#N/A,3.8,
1966-08-01,0.61,32.650,5.53,1119,35.6406,4.50,,472.6,,64507,483.2,,-0.31,91.2,3.8,
1966-09-01,0.91,32.750,5.40,1046,35.9729,4.50,,475.4,,64643,489.2,,-0.22,#N/A,3.7,
1966-10-01,1.09,32.850,5.53,843,36.2221,4.50,,475.7,,64854,488.3,,-0.52,#N/A,3.7,
1966-11-01,0.97,32.880,5.76,961,35.9729,4.50,,477.3,,65019,490.1,,-0.60,88.3,3.6,
1966-12-01,1.34,32.920,5.40,990,36.0560,4.50,,480.2,,65199,491.8,,-0.56,#N/A,3.8,
1967-01-01,1.39,32.900,4.94,1067,36.2261,4.50,,481.6,,65407,494.2,,-0.36,#N/A,3.9,
1967-02-01,1.19,33.000,5.00,1123,35.8152,4.50,,485.1,,65429,493.0,,-0.37,94.1,3.8,
1967-03-01,1.31,33.000,4.53,1056,35.6133,4.50,,489.7,,65530,495.8,,0.01,#N/A,3.8,
1967-04-01,1.24,33.100,4.05,1091,35.9492,4.10,,492.1,,65466,501.3,,0.54,#N/A,3.8,
1967-05-01,1.11,33.100,3.94,1304,35.6356,4.00,,497.2,,65620,502.2,,0.91,95.9,3.8,
1967-06-01,1.13,33.300,3.98,1248,35.6311,4.00,,502.0,,65750,506.8,,1.04,#N/A,3.9,
1967-07-01,1.10,33.400,3.79,1364,35.5500,4.00,,506.3,,65888,506.7,,1.37,#N/A,3.8,
1967-08-01,1.05,33.500,3.90,1407,36.2311,4.00,,510.8,,66143,509.8,,1.38,97.0,3.8,
1967-09-01,1.10,33.600,3.99,1421,36.1723,4.00,,514.7,,66164,515.6,,1.31,#N/A,3.8,
1967-10-01,1.04,33.700,3.88,1491,36.4669,4.00,,518.2,,66225,512.2,,1.60,#N/A,4.0,
1967-11-01,0.97,33.900,4.13,1538,36.9884,4.18,,521.2,,66703,517.4,,1.62,92.9,3.9,
1967-12-01,1.23,34.000,4.51,1308,37.3868,4.50,,524.8,,66900,525.1,,1.19,#N/A,3.8,
1968-01-01,1.31,34.100,4.60,1380,37.3465,4.50,,527.4,,66804,530.9,,0.93,#N/A,3.7,
1968-02-01,1.24,34.200,4.71,1520,37.4804,4.50,,530.4,,67215,533.6,,0.85,97.2,3.8,
1968-03-01,1.11,34.300,5.05,1466,37.5974,4.66,,533.2,,67295,544.3,,0.69,#N/A,3.7,
1968-04-01,1.33,34.400,5.76,1554,37.6518,5.20,,535.7,,67556,544.0,,-0.12,#N/A,3.5,
1968-05-01,1.16,34.500,6.11,1408,38.0741,5.50,,538.9,,67652,549.8,,-0.24,92.4,3.5,
1968-06-01,1.35,34.700,6.07,1405,38.2140,5.50,,542.6,,67905,556.3,,-0.35,#N/A,3.7,
1968-07-01,1.48,34.900,6.02,1512,38.1554,5.50,,545.6,,68126,563.2,,-0.52,#N/A,3.7,
1968-08-01,1.40,35.000,6.03,1495,38.2619,5.48,,549.4,,68330,567.0,,-0.61,92.4,3.5,
1968-09-01,1.33,35.100,5.78,1556,38.4068,5.25,,553.6,,68484,568.2,,-0.32,#N/A,3.4,
1968-10-01,1.26,35.300,5.91,1569,38.4830,5.25,,557.6,,68721,571.6,,-0.33,#N/A,3.4,
1968-11-01,1.31,35.400,5.82,1630,38.9808,5.25,,562.4,,68984,576.7,,-0.12,91.7,3.4,
1968-12-01,1.20,35.600,6.02,1548,39.1039,5.36,,566.8,,69248,576.5,,0.01,#N/A,3.4,
1969-01-01,1.28,35.700,6.30,1769,39.3405,5.50,,569.3,,69439,583.5,,-0.26,#N/A,3.4,
1969-02-01,1.11,35.800,6.61,1705,39.5922,5.50,,571.9,,69699,588.7,,-0.42,98.2,3.4,
1969-03-01,1.21,36.100,6.79,1561,39.9027,5.50,,574.4,,69905,588.9,,-0.49,#N/A,3.4,
1969-04-01,1.37,36.300,7.41,1524,39.7559,5.95,,575.7,,70072,593.9,,-1.24,#N/A,3.4,
1969-05-01,1.20,36.400,8.67,1583,39.6056,6.00,,576.5,,70328,600.3,,-2.35,91.5,3.4,
1969-06-01,1.13,36.600,8.90,1528,39.9925,6.00,,578.5,,70636,600.9,,-2.33,#N/A,3.5,
1969-07-01,1.12,36.800,8.61,1368,40.2037,6.00,,579.5,,70729,602.7,,-1.89,#N/A,3.5,
1969-08-01,1.17,36.900,9.19,1358,40.2961,6.00,,580.1,,71008,609.9,,-2.50,86.4,3.5,
1969-09-01,0.89,37.100,9.15,1507,40.2870,6.00,,582.1,,70914,613.2,,-1.99,#N/A,3.7,
1969-10-01,1.12,37.300,9.00,1381,40.2988,6.00,,583.4,,71121,618.5,,-1.90,#N/A,3.7,
1969-11-01,1.11,37.500,8.85,1229,39.9189,6.00,,585.4,,71086,620.5,,-1.71,79.7,3.5,
1969-12-01,1.00,37.700,8.97,1327,39.8118,6.00,,587.9,,71241,622.8,,-1.32,#N/A,3.5,
1970-01-01,1.07,37.900,8.98,1085,39.0746,6.00,,589.6,,71176,628.7,,-1.19,#N/A,3.9,
1970-02-01,1.54,38.100,8.98,1305,39.0488,6.00,,586.3,,71305,634.0,,-1.74,78.1,4.2,
1970-03-01,1.56,38.300,7.76,1319,38.9981,6.00,,587.3,,71451,632.3,,-0.69,#N/A,4.4,
1970-04-01,1.31,38.500,8.10,1264,38.8979,6.00,,588.4,,71348,636.0,,-0.71,#N/A,4.6,
1970-05-01,1.07,38.600,7.94,1290,38.8525,6.00,,591.5,,71124,642.4,,-0.03,75.4,4.8,
1970-06-01,1.41,38.800,7.60,1385,38.7269,6.00,,595.2,,71029,646.3,,0.24,#N/A,4.9,
1970-07-01,1.94,38.900,7.21,1517,38.8219,6.00,,599.1,,71053,648.5,,0.25,#N/A,5.0,
1970-08-01,1.91,39.000,6.61,1399,38.7527,6.00,,604.9,,70937,652.9,,0.92,77.6,5.1,
1970-09-01,2.00,39.200,6.29,1534,38.4856,6.00,,611.2,,70944,659.1,,1.10,#N/A,5.4,
1970-10-01,2.00,39.400,6.20,1580,37.7157,6.00,,616.4,,70521,658.3,,1.13,#N/A,5.5,
1970-11-01,2.54,39.600,5.60,1647,37.4873,5.85,,621.1,,70409,656.6,,1.24,72.4,5.9,
1970-12-01,2.73,39.800,4.90,1893,38.3482,5.52,,626.5,,70792,665.6,,1.49,#N/A,6.1,
1971-01-01,2.50,39.900,4.14,1828,38.6432,5.23,,632.9,,70865,676.1,,2.10,#N/A,5.9,
1971-02-01,2.28,39.900,3.72,1741,38.5695,4.91,,641.0,,70807,679.4,,2.39,78.1,5.9,
1971-03-01,2.76,40.000,3.71,1910,38.5278,4.75,,649.9,,70860,682.0,,1.99,#N/A,6.0,
1971-04-01,2.62,40.100,4.15,1986,38.7441,4.75,,658.4,,71036,688.8,,1.68,#N/A,5.9,
1971-05-01,2.23,40.300,4.63,2049,38.9407,4.75,,666.7,,71247,691.1,,1.76,80.2,5.9,
1971-06-01,2.23,40.500,4.91,2026,39.1040,4.75,,673.0,,71254,699.8,,1.61,#N/A,5.9,
1971-07-01,2.03,40.600,5.31,2083,38.9905,4.88,,679.6,,71315,698.9,,1.42,#N/A,6.0,
1971-08-01,2.18,40.700,5.56,2158,38.7642,5.00,,685.5,,71373,704.9,,1.02,82.1,6.1,
1971-09-01,2.45,40.800,5.55,2041,39.3942,5.00,,692.5,,71614,713.0,,0.59,#N/A,6.0,
1971-10-01,2.55,40.900,5.20,2128,39.6891,5.00,,698.4,,71642,715.8,,0.73,#N/A,5.8,
1971-11-01,2.57,41.000,4.91,2182,39.8576,4.90,,704.6,,71847,720.9,,0.90,82.0,6.0,
1971-12-01,2.45,41.100,4.14,2295,40.3177,4.63,,710.3,,72109,728.4,,1.79,#N/A,6.0,
1972-01-01,2.28,41.200,3.50,2494,41.2876,4.50,,717.7,,72441,731.5,,2.45,#N/A,5.8,
1972-02-01,2.15,41.400,3.29,2390,41.6865,4.50,,725.7,,72648,736.2,,2.79,92.8,5.7,
1972-03-01,2.17,41.400,3.83,2334,41.9746,4.50,,733.5,,72944,749.2,,2.24,#N/A,5.8,
1972-04-01,2.05,41.500,4.17,2249,42.4183,4.50,,738.4,,73162,752.5,,2.02,#N/A,5.7,
1972-05-01,2.10,41.600,4.27,2221,42.3963,4.50,,743.3,,73469,758.0,,1.86,88.6,5.7,
1972-06-01,2.09,41.700,4.46,2254,42.5166,4.50,,749.7,,73758,761.6,,1.65,#N/A,5.7,
1972-07-01,2.12,41.800,4.55,2252,42.4980,4.50,,759.5,,73709,769.9,,1.56,#N/A,5.6,
1972-08-01,1.98,41.900,4.80,2382,43.0629,4.50,,768.7,,74141,776.3,,1.41,95.2,5.6,
1972-09-01,1.54,42.100,4.87,2481,43.3918,4.50,,778.3,,74264,781.1,,1.68,#N/A,5.5,
1972-10-01,1.58,42.200,5.04,2485,43.9718,4.50,,786.9,,74674,794.9,,1.44,#N/A,5.6,
1972-11-01,1.71,42.400,5.06,2421,44.4919,4.50,,793.9,,74973,800.5,,1.22,90.7,5.3,
1972-12-01,1.57,42.500,5.33,2366,45.0015,4.50,,802.3,,75268,806.1,,1.03,#N/A,5.2,
1973-01-01,1.44,42.700,5.94,2481,45.2942,4.77,,810.3,,75617,816.5,,0.52,#N/A,4.9,
1973-02-01,1.33,43.000,6.58,2289,45.9656,5.05,,814.1,,76014,825.8,,0.06,81.9,5.0,
1973-03-01,1.32,43.400,7.09,2365,45.9872,5.50,,815.3,,76284,832.8,,-0.38,#N/A,4.9,
1973-04-01,1.42,43.700,7.12,2084,45.9237,5.50,,819.7,,76455,835.7,,-0.45,#N/A,5.0,
1973-05-01,1.21,43.900,7.84,2266,46.2192,5.90,,826.8,,76648,841.6,,-0.99,77.0,4.9,
1973-06-01,1.23,44.200,8.49,2067,46.2509,6.33,,833.3,,76887,844.3,,-1.59,#N/A,4.9,
1973-07-01,1.11,44.200,10.40,2123,46.4421,6.98,,836.5,,76913,854.1,,-3.27,#N/A,4.8,
1973-08-01,1.13,45.000,10.50,2051,46.3648,7.29,,838.8,,77168,853.3,,-3.10,72.0,4.8,
1973-09-01,1.54,45.200,10.78,1874,46.7803,7.50,,839.3,,77276,869.2,,-3.69,#N/A,4.8,
1973-10-01,1.62,45.600,10.01,1677,47.0954,7.50,,842.6,,77607,868.2,,-3.22,#N/A,4.6,
1973-11-01,1.69,45.900,10.03,1724,47.3445,7.50,,848.9,,77920,876.9,,-3.30,76.5,4.8,
1973-12-01,1.74,46.300,9.95,1526,47.2315,7.50,,855.5,,78031,876.6,,-3.21,#N/A,4.9,
1974-01-01,1.49,46.800,9.65,1451,46.8994,7.50,,859.7,,78100,884.5,,-2.66,#N/A,5.1,
1974-02-01,1.57,47.300,8.97,1752,46.7538,7.50,,864.2,,78254,889.7,,-2.01,61.8,5.2,
1974-03-01,1.41,47.800,9.35,1555,46.7685,7.50,,870.1,,78296,901.4,,-2.14,#N/A,5.1,
1974-04-01,1.36,48.100,10.51,1607,46.6069,7.60,,872.9,,78382,910.8,,-3.00,#N/A,5.1,
1974-05-01,1.47,48.600,11.31,1426,46.9743,8.00,,874.6,,78549,922.4,,-3.73,72.1,5.1,
1974-06-01,1.73,49.000,11.93,1513,46.9233,8.00,,877.8,,78604,928.0,,-4.39,#N/A,5.4,
1974-07-01,1.67,49.300,12.92,1316,46.9464,8.00,,881.4,,78636,937.9,,-5.11,#N/A,5.5,
1974-08-01,1.73,49.900,12.01,1142,46.4907,8.00,,884.1,,78619,954.8,,-3.97,64.4,5.5,
1974-09-01,2.14,50.600,11.34,1150,46.5136,8.00,,887.9,,78610,955.1,,-3.30,#N/A,5.9,
1974-10-01,2.58,51.000,10.06,1070,46.3401,8.00,,893.3,,78630,959.2,,-2.16,#N/A,6.0,
1974-11-01,2.92,51.500,9.45,1026,44.8209,8.00,,898.6,,78265,956.2,,-1.77,59.5,6.6,
1974-12-01,3.20,51.900,8.53,975,43.2340,7.81,,902.1,,77652,961.8,,-1.10,#N/A,7.2,
1975-01-01,3.31,52.300,7.13,1032,42.6409,7.40,,906.3,,77293,975.6,,0.37,#N/A,8.1,
1975-02-01,3.26,52.600,6.24,904,41.6602,6.82,,914.1,,76918,989.4,,1.15,57.6,8.1,
1975-03-01,2.75,52.800,5.54,993,41.2135,6.40,,925.0,,76648,990.6,,2.19,#N/A,8.6,
1975-04-01,2.35,53.000,5.49,1005,41.2460,6.25,,935.1,,76460,995.0,,2.74,#N/A,8.8,
1975-05-01,2.63,53.100,5.22,1121,41.1515,6.12,,947.9,,76624,1018.9,,2.84,72.8,9.0,
1975-06-01,2.76,53.500,5.55,1087,41.4224,6.00,,963.0,,76521,1026.8,,2.31,#N/A,8.8,
1975-07-01,2.49,54.000,6.10,1226,41.8234,6.00,,975.1,,76770,1039.8,,1.96,#N/A,8.6,
1975-08-01,2.19,54.200,6.14,1260,42.2573,6.00,,983.1,,77153,1047.0,,2.26,75.7,8.4,
1975-09-01,2.18,54.600,6.24,1264,42.7796,6.00,,991.5,,77228,1054.8,,2.19,#N/A,8.4,
1975-10-01,2.48,54.900,5.82,1344,42.9687,6.00,,997.8,,77540,1060.9,,2.32,#N/A,8.4,
1975-11-01,2.51,55.300,5.22,1360,43.0614,6.00,,1006.9,,77685,1075.8,,2.83,75.6,8.3,
1975-12-01,2.56,55.600,5.20,1321,43.5973,6.00,,1016.2,,78017,1092.1,,2.80,#N/A,8.2,
1976-01-01,2.67,55.800,4.87,1367,44.2288,5.79,,1026.6,,78503,1107.1,,2.87,#N/A,7.9,
1976-02-01,2.45,55.900,4.77,1538,44.6725,5.50,,1040.3,,78816,1107.7,,3.02,84.6,7.7,
1976-03-01,2.39,56.000,4.84,1421,44.7125,5.50,,1050.0,,79048,1114.9,,2.89,#N/A,7.6,
1976-04-01,2.38,56.100,4.82,1395,44.9643,5.50,,1060.8,,79292,1125.4,,2.74,#N/A,7.7,
1976-05-01,1.96,56.400,5.29,1459,45.1741,5.50,,1072.1,,79312,1122.7,,2.61,83.3,7.4,
1976-06-01,2.03,56.700,5.48,1495,45.1830,5.50,,1077.6,,79376,1140.5,0.80,2.38,#N/A,7.6,
1976-07-01,1.99,57.000,5.31,1401,45.4535,5.50,,1086.3,,79547,1149.6,0.98,2.52,#N/A,7.8,
1976-08-01,1.87,57.300,5.29,1550,45.7737,5.50,,1098.7,,79704,1158.0,1.14,2.48,89.7,7.8,
1976-09-01,1.81,57.600,5.25,1720,45.9031,5.50,,1110.8,,79892,1168.8,1.17,2.34,#N/A,7.6,
1976-10-01,1.88,57.900,5.02,1629,45.9207,5.50,,1125.0,,79911,1176.8,1.43,2.39,#N/A,7.7,
1976-11-01,1.94,58.100,4.95,1641,46.5978,5.43,,1138.2,,80240,1189.0,1.48,2.34,87.0,7.8,
1976-12-01,2.25,58.400,4.65,1804,47.0854,5.25,,1152.0,,80448,1211.5,1.49,2.22,#N/A,7.8,
1977-01-01,1.87,58.700,4.61,1527,46.8276,5.25,,1165.2,,80690,1215.0,1.31,2.60,#N/A,7.5,
1977-02-01,1.73,59.300,4.68,1943,47.5417,5.25,,1177.6,,80988,1231.3,1.30,2.71,87.1,7.6,
1977-03-01,1.66,59.600,4.69,2063,48.1310,5.25,,1188.5,,81391,1238.3,1.37,2.77,#N/A,7.4,
1977-04-01,1.70,60.000,4.73,1892,48.5838,5.25,,1199.6,,81728,1247.3,1.41,2.64,#N/A,7.2,
1977-05-01,1.55,60.200,5.35,1971,48.9891,5.25,,1209.0,,82088,1257.1,1.21,2.11,90.2,7.0,
1977-06-01,1.63,60.500,5.39,1893,49.3428,5.25,,1217.8,,82488,1263.6,1.15,1.89,#N/A,7.2,
1977-07-01,1.54,60.800,5.42,2058,49.4120,5.25,,1226.7,,82834,1280.5,1.06,1.91,#N/A,6.9,
1977-08-01,1.42,61.100,5.90,2020,49.4259,5.27,,1237.0,,83075,1285.7,0.79,1.50,89.0,7.0,
1977-09-01,1.46,61.300,6.14,1949,49.6639,5.75,,1246.2,,83532,1294.5,0.63,1.20,#N/A,6.8,
1977-10-01,1.37,61.600,6.47,2042,49.7592,5.80,,1254.0,,83800,1311.4,0.41,1.05,#N/A,6.8,
1977-11-01,1.37,62.000,6.51,2042,49.8117,6.00,,1262.4,,84173,1327.0,0.44,1.07,84.4,6.8,
1977-12-01,1.30,62.300,6.56,2142,49.8949,6.00,,1270.3,,84410,1336.0,0.51,1.13,#N/A,6.4,
1978-01-01,1.21,62.700,6.70,1718,49.2066,6.37,,1279.7,,84594,1329.5,0.47,1.26,83.7,6.4,
1978-02-01,1.17,63.000,6.78,1738,49.4502,6.50,,1285.5,,84948,1355.1,0.46,1.25,84.3,6.3,
1978-03-01,1.18,63.400,6.79,2032,50.3928,6.50,,1292.2,,85460,1377.5,0.46,1.25,78.8,6.3,
1978-04-01,1.17,63.900,6.89,2197,51.4368,6.50,,1300.4,,86162,1396.4,0.41,1.26,81.6,6.1,
1978-05-01,1.14,64.500,7.36,2075,51.6276,6.84,,1310.5,,86509,1412.0,0.34,0.99,82.9,6.0,
1978-06-01,1.14,65.000,7.60,2070,51.9833,7.00,,1318.5,,86950,1425.8,0.22,0.86,80.0,5.9,
1978-07-01,0.96,65.500,7.81,2092,51.9592,7.23,,1324.1,,87204,1426.8,0.15,0.83,82.4,6.2,
1978-08-01,1.07,65.900,8.04,1996,52.1543,7.43,,1333.5,,87483,1447.0,0.04,0.37,78.4,5.9,
1978-09-01,1.00,66.500,8.45,1970,52.2860,7.83,,1345.0,,87621,1452.9,-0.15,-0.03,80.4,6.0,
1978-10-01,0.95,67.100,8.96,1981,52.7054,8.26,,1352.3,,87956,1466.9,-0.21,-0.32,79.3,5.8,
1978-11-01,1.02,67.500,9.76,2094,53.1047,9.50,,1359.1,,88391,1480.6,-0.61,-0.95,75.0,5.9,
1978-12-01,0.93,67.900,10.03,2044,53.3886,9.50,,1366.0,,88671,1496.5,-0.71,-1.02,66.1,6.0,
1979-01-01,1.03,68.500,10.07,1630,53.0453,9.50,,1371.6,,88808,1502.4,-0.76,-0.97,72.1,5.9,
1979-02-01,0.98,69.200,10.06,1520,53.3303,9.50,,1377.8,,89055,1517.8,-0.62,-0.96,73.9,5.9,
1979-03-01,1.14,69.900,10.09,1847,53.4973,9.50,,1387.8,,89479,1531.2,-0.67,-0.97,68.4,5.8,
1979-04-01,1.15,70.600,10.01,1748,52.8938,9.50,,1402.1,,89417,1538.4,-0.60,-0.83,66.0,5.8,
1979-05-01,1.22,71.400,10.24,1876,53.3187,9.50,,1410.2,,89789,1558.8,-0.53,-0.99,68.1,5.6,
1979-06-01,1.47,72.200,10.29,1913,53.3157,9.50,,1423.0,,90108,1575.7,-0.31,-1.38,65.8,5.7,
1979-07-01,1.34,73.000,10.47,1760,53.2433,9.69,,1434.8,,90217,1586.1,-0.19,-1.52,60.4,5.7,
1979-08-01,1.32,73.700,10.94,1778,52.8899,10.24,,1446.6,,90300,1615.6,-0.43,-1.91,64.5,6.0,
1979-09-01,1.21,74.400,11.43,1832,52.9486,10.70,,1454.1,,90327,1633.9,-0.73,-2.10,66.7,5.9,
1979-10-01,1.10,75.200,13.77,1681,53.2390,11.77,,1460.4,,90481,1641.6,-1.19,-3.47,62.1,6.0,
1979-11-01,1.34,76.000,13.18,1524,53.1918,12.00,,1465.9,,90573,1657.3,-1.16,-2.53,63.3,5.9,
1979-12-01,1.67,76.900,13.78,1498,53.2603,12.00,,1473.7,,90672,1666.3,-1.00,-3.39,61.0,6.0,
1980-01-01,1.62,78.000,13.82,1341,53.5037,12.00,,1482.7,,90800,1697.3,-0.70,-3.02,67.0,6.3,
1980-02-01,1.16,79.000,14.13,1350,53.5053,12.52,,1494.6,,90883,1701.4,-1.01,-1.72,66.9,6.3,
1980-03-01,1.70,80.100,17.19,1047,53.3294,13.00,,1499.8,,90994,1708.2,-2.13,-4.44,56.5,6.3,
1980-04-01,2.72,80.900,17.61,1051,52.2336,13.00,,1502.2,,90849,1695.2,-1.03,-6.14,52.7,6.9,
1980-05-01,2.99,81.700,10.98,927,50.9638,12.94,,1512.3,,90420,1700.1,0.73,-0.80,51.7,7.5,
1980-06-01,2.93,82.500,9.47,1196,50.3348,11.40,,1529.2,,90101,1718.8,1.05,0.31,58.7,7.6,
1980-07-01,2.40,82.600,9.03,1269,49.9462,10.87,,1545.5,,89840,1747.1,1.22,1.22,62.3,7.8,
1980-08-01,2.05,83.200,9.61,1436,50.1256,10.00,,1561.5,,90099,1763.8,0.57,1.49,67.3,7.7,
1980-09-01,2.19,83.900,10.87,1471,50.9386,10.17,,1574.0,,90213,1780.5,-0.06,0.64,73.7,7.5,
1980-10-01,2.48,84.700,12.81,1523,51.5813,11.00,,1584.8,-16921,90490,1817.1,-0.34,-1.06,75.0,7.5,
1980-11-01,1.96,85.600,15.85,1510,52.4717,11.47,,1595.8,-8907,90747,1826.8,-0.83,-3.17,76.7,7.5,
1980-12-01,2.30,86.400,18.90,1482,52.7685,12.87,,1599.8,-1965,90943,1851.7,-1.24,-6.06,64.5,7.2,
1981-01-01,2.46,87.200,19.08,1547,52.4668,13.00,,1606.9,-12192,91033,1870.0,-0.69,-6.51,71.4,7.5,
1981-02-01,2.18,88.000,15.93,1246,52.2260,13.00,,1618.7,-15620,91105,1884.2,-0.73,-2.74,66.9,7.4,
1981-03-01,2.22,88.600,14.70,1306,52.5025,13.00,,1636.6,-9582,91210,1902.9,-0.45,-1.58,66.5,7.4,
1981-04-01,1.88,89.100,15.72,1360,52.2691,13.00,,1659.2,17190,91283,1904.4,-0.47,-2.04,72.4,7.2,
1981-05-01,1.85,89.700,18.52,1140,52.5803,13.87,,1664.2,-16171,91296,1913.8,-1.36,-4.42,76.3,7.5,
1981-06-01,2.33,90.500,19.10,1045,52.8284,14.00,,1670.3,15363,91490,1934.5,-1.04,-5.63,73.1,7.5,
1981-07-01,1.89,91.500,19.04,1041,53.1751,14.00,,1681.9,-10343,91601,1942.1,-1.07,-4.76,74.1,7.2,
1981-08-01,1.40,92.200,17.82,940,53.1679,14.00,,1694.3,-5119,91565,1966.6,-1.34,-2.88,77.2,7.4,
1981-09-01,1.60,93.100,15.87,911,52.8514,14.00,,1706.0,6335,91477,1965.5,-1.14,-0.55,73.1,7.6,
1981-10-01,1.96,93.400,15.08,873,52.4949,14.00,,1721.8,-18105,91380,1963.9,-0.39,0.07,70.3,7.9,
1981-11-01,3.00,93.800,13.31,837,51.8940,13.03,,1736.1,-10642,91171,1970.6,0.51,0.08,62.5,8.3,
1981-12-01,2.83,94.100,12.37,910,51.3274,12.10,,1755.5,-19468,90895,1988.8,0.43,1.35,64.3,8.5,
1982-01-01,2.51,94.400,13.22,843,50.3043,12.00,,1770.4,9339,90565,1997.1,0.02,1.37,71.0,8.6,-0.88
1982-02-01,2.75,94.700,14.78,866,51.3016,12.00,,1774.5,-14780,90563,2021.2,-0.39,-0.35,66.5,8.9,-0.38
1982-03-01,2.96,94.700,14.68,931,50.9104,12.00,,1786.5,-18255,90434,2024.1,-0.33,-0.82,62.0,9.0,-0.15
1982-04-01,2.91,95.000,14.94,917,50.4627,12.00,,1803.9,9704,90150,2026.3,-0.33,-1.07,65.5,9.3,-0.12
1982-05-01,3.02,95.900,14.45,1025,50.1380,12.00,,1815.4,-18930,90107,2044.5,-0.16,-0.83,67.5,9.4,-0.06
1982-06-01,2.62,97.000,14.15,902,49.9692,12.00,,1826.0,6724,89865,2048.1,-0.17,0.15,65.7,9.6,-0.05
1982-07-01,2.85,97.500,12.59,1166,49.8138,11.81,,1831.5,-19831,89521,2072.2,0.15,1.36,65.4,9.8,-0.09
1982-08-01,3.26,97.700,10.12,1046,49.3773,10.68,,1845.2,-14704,89363,2080.1,0.74,2.94,65.4,9.8,-0.26
1982-09-01,3.29,97.700,10.31,1144,49.2260,10.00,,1858.4,-1708,89183,2104.6,0.56,2.03,69.3,10.1,-0.25
1982-10-01,3.82,98.100,9.71,1173,48.7874,9.68,,1869.7,-26169,88907,2125.8,0.72,1.20,73.4,10.4,-0.05
1982-11-01,3.75,98.000,9.20,1372,48.5920,9.35,,1883.7,-24158,88786,2149.3,0.75,1.35,72.1,10.8,0.41
1982-12-01,3.60,97.700,8.95,1303,48.2424,8.73,,1905.9,-17938,88771,2161.6,0.88,1.59,71.9,10.8,0.87
1983-01-01,3.48,97.900,8.68,1586,49.1762,8.50,,1959.4,-9582,88990,2174.0,1.13,1.78,70.4,10.4,1.43
1983-02-01,3.23,98.000,8.51,1699,48.8688,8.50,,1996.8,-25336,88917,2177.0,1.08,2.21,74.6,10.4,1.65
1983-03-01,3.10,98.100,8.77,1606,49.2654,8.50,,2015.2,-26036,89090,2202.8,0.85,1.74,80.8,10.3,1.76
1983-04-01,2.89,98.800,8.80,1472,49.8675,8.50,,2028.6,-3308,89364,2226.4,0.83,1.60,89.1,10.2,1.84
1983-05-01,2.71,99.200,8.63,1776,50.2084,8.50,,2043.1,-29285,89644,2245.9,0.89,1.75,93.3,10.1,2.07
1983-06-01,2.52,99.400,8.98,1733,50.5089,8.50,,2053.5,3401,90021,2276.0,0.67,1.87,92.2,10.1,2.57
1983-07-01,2.01,99.800,9.37,1785,51.2733,8.50,,2064.8,-21412,90437,2304.4,0.69,2.01,92.8,9.4,2.99
1983-08-01,1.79,100.100,9.56,1910,51.8454,8.50,,2074.0,-17477,90129,2320.4,0.78,2.29,90.9,9.5,2.55
1983-09-01,1.90,100.400,9.45,1710,52.6303,8.50,,2083.2,1946,91247,2334.9,0.86,2.20,89.9,9.2,2.80
1983-10-01,1.92,100.800,9.48,1715,53.0679,8.50,,2099.3,-25069,91520,2357.6,0.97,2.06,89.3,8.8,3.14
1983-11-01,1.92,101.100,9.34,1785,53.2534,8.50,,2112.3,-21591,91875,2366.3,1.03,2.35,91.1,8.5,3.42
1983-12-01,1.92,101.400,9.47,1688,53.5343,8.50,,2123.5,-16661,92230,2393.6,0.99,2.36,94.2,8.3,2.99
1984-01-01,1.98,102.100,9.56,1897,54.6008,8.50,,2138.2,-5515,92673,2419.4,1.03,2.11,100.1,8.0,3.09
1984-02-01,1.75,102.600,9.59,2260,54.8350,8.50,,2158.2,-20381,93157,2403.5,1.05,2.25,97.4,7.8,3.30
1984-03-01,1.67,102.900,9.91,1663,55.1052,8.50,,2175.2,-28555,93429,2431.6,1.01,2.41,101.0,7.8,3.03
1984-04-01,1.68,103.300,10.29,1851,55.4514,8.87,,2191.7,11493,93792,2457.5,0.94,2.34,96.1,7.7,2.69
1984-05-01,1.33,103.500,10.32,1774,55.7141,9.00,,2204.1,-33932,94098,2474.5,0.94,3.09,98.1,7.4,2.51
1984-06-01,1.49,103.700,11.06,1843,55.9085,9.00,,2215.1,-2000,94479,2495.6,0.65,2.50,95.5,7.2,2.45
1984-07-01,1.79,104.100,11.23,1732,56.0842,9.00,,2223.5,-16416,94789,2494.6,0.48,2.13,96.6,7.5,2.20
1984-08-01,1.91,104.400,11.64,1586,56.1376,9.00,,2230.4,-33498,95032,2512.2,0.29,1.08,99.1,7.5,1.92
1984-09-01,1.83,104.700,11.30,1698,56.0382,9.00,,2244.4,16785,95344,2533.8,0.32,1.22,100.9,7.3,2.02
1984-10-01,1.78,105.100,9.99,1590,55.9459,9.00,,2258.9,-28009,95629,2531.3,0.56,2.17,96.3,7.4,1.94
1984-11-01,1.91,105.300,9.43,1689,56.1667,8.83,,2281.4,-28896,95982,2571.4,0.92,2.14,95.7,7.2,2.00
1984-12-01,1.90,105.500,8.38,1612,56.2296,8.37,,2306.4,-14568,96107,2582.6,1.32,3.12,92.9,7.3,1.88
1985-01-01,1.88,105.700,8.35,1711,56.1398,8.00,,2332.4,-7992,96372,2618.8,1.45,3.03,96.0,7.3,2.19
1985-02-01,1.72,106.300,8.50,1632,56.3323,8.00,,2354.1,-21053,96503,2640.8,1.34,3.01,93.7,7.2,1.97
1985-03-01,1.83,106.800,8.58,1800,56.4232,8.00,,2366.2,-29502,96842,2648.5,1.15,3.28,93.7,7.2,2.03
1985-04-01,2.08,107.000,8.27,1821,56.2693,8.00,,2375.4,11386,97038,2659.5,1.34,3.16,94.6,7.3,1.98
1985-05-01,2.30,107.200,7.97,1680,56.3488,7.81,,2389.5,-41997,97312,2696.4,1.46,2.88,91.8,7.2,2.12
1985-06-01,2.24,107.500,7.53,1676,56.3901,7.50,,2412.6,-1408,97459,2689.4,1.47,2.63,96.5,7.4,1.93
1985-07-01,2.12,107.700,7.88,1684,56.0234,7.50,,2429.5,-21533,97648,2715.7,1.54,2.43,94.0,7.4,1.88
1985-08-01,2.17,107.900,7.90,1743,56.2555,7.50,,2444.0,-27597,97840,2752.1,1.39,2.43,92.4,7.1,2.02
1985-09-01,2.11,108.100,7.92,1676,56.4983,7.50,,2456.4,-764,98045,2794.7,1.39,2.45,92.1,7.1,2.03
1985-10-01,2.12,108.500,7.99,1834,56.2648,7.50,,2468.0,-27087,98233,2755.8,1.38,2.25,88.4,7.1,2.08
1985-11-01,2.21,109.000,8.05,1698,56.4549,7.50,,2477.8,-33386,98443,2771.1,1.20,1.73,90.9,7.0,1.88
1985-12-01,2.32,109.500,8.27,1942,57.0458,7.50,,2492.1,-14656,98609,2811.3,1.11,0.99,93.9,7.0,1.97
1986-01-01,2.25,109.900,8.14,1972,57.3104,7.50,,2502.1,-6492,98732,2827.1,1.05,1.05,95.6,6.7,2.05
1986-02-01,2.41,109.700,7.86,1848,56.9344,7.50,,2512.9,-24580,98847,2820.2,0.73,0.84,95.9,7.2,1.55
1986-03-01,2.72,109.100,7.48,1876,56.5420,7.10,,2533.1,-30142,98934,2823.6,0.57,0.30,95.1,7.2,1.33
1986-04-01,2.89,108.700,6.99,1933,56.5599,6.83,,2557.8,9928,99121,2835.2,0.60,0.31,96.2,7.1,1.48
1986-05-01,2.58,109.000,6.85,1854,56.6823,6.50,,2584.8,-39396,99248,2857.5,0.64,0.86,94.8,7.2,1.52
1986-06-01,2.54,109.400,6.92,1847,56.4976,6.50,,2605.0,-1044,99155,2861.7,0.62,0.88,99.3,7.2,1.46
1986-07-01,2.86,109.500,6.56,1782,56.8140,6.16,,2626.6,-22304,99473,2881.2,0.63,0.74,97.7,7.0,1.57
1986-08-01,3.01,109.600,6.17,1807,56.7381,5.82,,2646.5,-28056,99588,2898.6,0.84,1.00,94.9,6.9,1.52
1986-09-01,2.75,110.000,5.89,1687,56.8532,5.50,,2667.8,-3926,99934,2971.8,1.10,1.56,91.9,7.0,1.74
1986-10-01,2.81,110.200,5.85,1681,57.1191,5.50,,2687.4,-25290,100121,2932.9,1.15,1.58,95.6,7.0,1.69
1986-11-01,2.82,110.400,6.04,1623,57.3792,5.50,,2701.3,-27087,100308,2928.4,0.97,1.21,91.4,6.9,1.73
1986-12-01,2.86,110.800,6.91,1833,57.8623,5.50,,2728.0,-12369,100509,2997.1,0.84,0.20,89.1,6.6,2.27
1987-01-01,2.64,111.400,6.43,1774,57.6850,5.50,,2743.9,-2157,100678,2935.5,0.85,0.65,90.4,6.6,1.74
1987-02-01,2.40,111.800,6.10,1784,58.4399,5.50,,2747.5,-28379,100919,3001.7,0.85,1.15,90.2,6.6,1.91
1987-03-01,2.36,112.200,6.13,1726,58.5160,5.50,,2753.7,-27931,101164,3013.3,0.83,1.12,90.8,6.6,1.85
1987-04-01,2.02,112.700,6.37,1614,58.8851,5.50,,2767.7,38742,101499,3038.8,1.00,1.65,92.8,6.3,2.04
1987-05-01,1.90,113.000,6.85,1628,59.2653,5.50,,2772.9,-35637,101728,3048.4,0.85,1.76,91.1,6.3,2.16
1987-06-01,2.12,113.500,6.73,1594,59.5409,5.50,,2774.6,-623,101900,3072.8,0.83,1.67,91.5,6.2,1.92
1987-07-01,2.16,113.800,6.58,1575,59.9536,5.50,,2779.0,-22339,102247,3094.7,1.01,1.87,93.7,6.1,2.16
1987-08-01,2.04,114.300,6.73,1605,60.4517,5.50,,2788.2,-21796,102420,3130.8,1.01,2.03,94.4,6.0,2.00
1987-09-01,1.89,114.700,7.22,1695,60.6069,5.95,,2799.5,15204,102647,3126.5,1.08,2.20,93.6,5.9,2.03
1987-10-01,2.10,115.000,7.29,1515,61.4910,6.00,,2814.8,-30810,103138,3134.5,1.12,2.23,89.3,6.0,2.09
1987-11-01,2.37,115.400,6.69,1656,61.8137,6.00,,2818.9,-27022,103372,3144.2,1.17,2.17,83.1,5.8,2.14
1987-12-01,2.30,115.600,6.77,1400,62.1190,6.00,,2826.4,-24363,103661,3174.1,1.13,2.22,86.8,5.7,2.04
1988-01-01,2.40,116.000,6.83,1271,62.1469,6.00,,2847.4,15896,103753,3213.7,1.04,1.84,90.8,5.7,1.41
1988-02-01,2.41,116.200,6.58,1473,62.4169,6.00,,2870.4,-24065,104214,3221.4,1.03,1.63,91.6,5.7,2.03
1988-03-01,2.20,116.500,6.58,1532,62.5418,6.00,,2890.7,-29283,104489,3260.5,1.10,1.79,94.6,5.7,2.16
1988-04-01,2.18,117.200,6.87,1573,62.8959,6.00,,2910.7,13769,104732,3263.0,1.13,1.85,91.2,5.4,2.30
1988-05-01,1.95,117.500,7.09,1421,62.8223,6.00,,2926.0,-22583,104962,3293.6,1.09,2.00,94.8,5.6,1.98
1988-06-01,2.08,118.000,7.51,1478,62.9823,6.00,,2938.4,9134,105326,3318.5,0.89,1.41,94.7,5.4,2.25
1988-07-01,2.05,118.500,7.75,1467,63.0093,6.00,,2947.2,-22918,105550,3342.7,0.78,1.31,93.4,5.4,2.08
1988-08-01,1.95,119.000,8.01,1493,63.2723,6.37,,2952.0,-23079,105674,3368.0,0.63,1.25,97.4,5.6,1.83
1988-09-01,1.92,119.500,8.19,1492,63.0990,6.50,,2956.9,10173,106013,3375.0,0.52,0.79,97.3,5.4,1.61
1988-10-01,1.61,119.900,8.30,1522,63.4122,6.50,,2965.3,-27005,106276,3413.7,0.45,0.50,94.1,5.4,2.02
1988-11-01,1.52,120.300,8.35,1569,63.5128,6.50,,2980.2,-29140,106617,3430.2,0.29,0.61,93.0,5.3,2.12
1988-12-01,1.54,120.700,8.76,1563,63.8233,6.50,,2988.2,-12790,106898,3459.7,0.02,0.35,91.9,5.3,1.96
1989-01-01,1.56,121.200,9.12,1621,64.0153,6.50,,2991.7,2797,107161,3483.7,-0.09,-0.03,97.9,5.4,1.94
1989-02-01,1.44,121.600,9.36,1425,63.7242,6.59,,2992.2,-27871,107427,3488.0,-0.20,-0.19,95.4,5.2,1.80
1989-03-01,1.31,122.200,9.85,1422,63.8691,7.00,,2999.7,-35784,107621,3498.8,-0.32,-0.49,94.3,5.0,1.70
1989-04-01,1.43,123.100,9.84,1339,63.9124,7.00,,3006.0,40654,107791,3543.0,-0.27,-0.66,91.5,5.2,1.55
1989-05-01,1.60,123.700,9.81,1331,63.4884,7.00,,3011.6,-25433,107913,3551.8,-0.16,-0.95,90.7,5.2,1.16
1989-06-01,1.75,124.100,9.53,1397,63.5187,7.00,,3027.9,7785,108027,3566.6,-0.13,-1.25,90.6,5.3,0.91
1989-07-01,1.85,124.500,9.24,1427,62.9354,7.00,,3052.4,-18237,108069,3585.7,0.20,-1.22,92.0,5.2,0.79
1989-08-01,1.77,124.500,8.99,1332,63.5168,7.00,,3074.4,-22150,108120,3620.6,-0.03,-0.88,89.6,5.2,1.08
1989-09-01,1.72,124.800,9.02,1279,63.2954,7.00,,3092.5,-6146,108369,3621.9,-0.09,-0.83,95.8,5.3,1.09
1989-10-01,1.80,125.400,8.84,1410,63.2542,7.00,,3114.1,-26084,108476,3633.6,0.03,-0.83,93.9,5.3,1.01
1989-11-01,1.94,125.900,8.55,1351,63.4616,7.00,,3133.3,-29732,108752,3643.3,0.07,-0.68,90.9,5.4,1.21
1989-12-01,1.98,126.300,8.45,1251,63.8467,7.00,,3152.5,-14772,108836,3684.2,0.06,-0.61,90.5,5.4,1.23
1990-01-01,1.73,127.500,8.23,1551,63.4228,7.00,,3166.8,8282,109197,3730.7,0.12,-0.02,93.0,5.4,1.68
1990-02-01,1.67,128.000,8.24,1437,64.0446,7.00,,3179.2,-35207,109435,3728.2,0.10,0.23,89.5,5.3,1.43
1990-03-01,1.62,128.600,8.28,1289,64.3580,7.00,,3190.1,-53324,109644,3754.9,-0.04,0.31,91.3,5.2,1.67
1990-04-01,1.51,128.900,8.26,1248,64.2602,7.00,,3201.6,41829,109688,3770.0,0.07,0.53,93.9,5.4,1.32
1990-05-01,1.65,129.100,8.18,1212,64.3973,7.00,,3200.6,-42482,109839,3775.8,0.12,0.58,90.6,5.4,1.11
1990-06-01,1.74,129.900,8.29,1177,64.6041,7.00,,3213.7,-11105,109857,3804.5,0.13,0.19,88.3,5.2,1.06
1990-07-01,1.73,130.500,8.15,1171,64.5205,7.00,,3224.5,-25924,109824,3821.7,0.31,0.32,88.2,5.5,0.64
1990-08-01,1.66,131.600,8.13,1115,64.7326,7.00,,3242.0,-52719,109617,3848.3,0.69,0.62,76.4,5.7,0.41
1990-09-01,1.75,132.500,8.20,1110,64.8145,7.00,,3254.6,20768,109520,3870.1,0.81,0.69,72.8,5.9,-0.12
1990-10-01,2.02,133.400,8.11,1014,64.3274,7.00,,3259.3,-31364,109367,3870.6,0.84,0.61,63.9,5.9,-0.10
1990-11-01,2.23,133.700,7.81,1145,63.5753,7.00,,3262.6,-47723,109213,3871.9,0.79,0.58,66.0,6.2,-0.31
1990-12-01,2.35,134.200,7.31,969,63.1594,6.79,,3271.8,-7387,109167,3861.3,0.77,0.77,65.5,6.3,-0.33
1991-01-01,2.36,134.700,6.91,798,62.8852,6.50,,3287.7,1650,109056,3841.0,0.96,1.18,66.8,6.4,-0.24
1991-02-01,2.22,134.800,6.25,965,62.4462,6.00,,3304.5,-26191,108735,3866.7,0.98,1.60,70.4,6.6,-0.33
1991-03-01,1.98,134.800,6.12,921,62.1190,6.00,,3321.9,-41173,108576,3913.0,1.01,1.99,87.7,6.8,-0.34
1991-04-01,1.90,135.100,5.91,1001,62.2415,5.98,,3332.4,30009,108367,3907.1,1.09,2.13,81.8,6.7,0.03
1991-05-01,1.79,135.600,5.78,996,62.8646,5.50,,3343.0,-53367,108251,3933.2,1.29,2.29,78.3,6.9,0.44
1991-06-01,1.68,136.000,5.90,1036,63.4372,5.50,,3351.9,-2579,108337,3940.5,1.32,2.38,82.1,6.9,0.83
1991-07-01,1.62,136.200,5.82,1063,63.5128,5.50,,3356.1,-40831,108292,3966.0,1.35,2.45,82.9,6.8,1.20
1991-08-01,1.75,136.600,5.66,1049,63.5671,5.50,,3355.0,-43649,108313,3969.1,1.47,2.24,82.0,6.9,0.88
1991-09-01,1.86,137.000,5.45,1015,64.1330,5.20,,3354.9,-6887,108338,3984.7,1.47,2.20,83.0,6.9,0.91
1991-10-01,1.96,137.200,5.21,1079,64.0213,5.00,,3360.1,-36594,108357,3976.0,1.62,2.32,78.3,7.0,0.80
1991-11-01,2.03,137.800,4.81,1103,63.9480,4.58,,3365.5,-44684,108297,4003.6,1.86,2.61,69.1,7.0,0.69
1991-12-01,2.17,138.200,4.43,1079,63.6937,4.11,,3372.2,-2534,108330,4020.5,2.06,2.66,68.2,7.3,0.70
1992-01-01,2.10,138.300,4.03,1176,63.3374,3.50,1.56,3381.2,-15668,108372,4084.7,2.07,3.00,67.5,7.3,0.79
1992-02-01,1.89,138.600,4.06,1250,63.7911,3.50,1.56,3400.0,-49180,108313,4099.5,2.13,3.28,68.8,7.4,0.97
1992-03-01,1.71,139.100,3.98,1297,64.3212,3.50,1.53,3403.9,-50712,108368,4117.0,1.85,3.56,76.0,7.4,1.12
1992-04-01,1.73,139.400,3.73,1099,64.8088,3.50,1.53,3399.7,14603,108523,4131.5,2.14,3.75,77.2,7.4,1.22
1992-05-01,1.74,139.700,3.82,1214,65.0202,3.50,1.52,3398.6,-46773,108652,4158.4,2.16,3.57,79.2,7.6,1.34
1992-06-01,1.79,140.100,3.76,1145,65.0295,3.50,1.52,3393.4,3782,108719,4177.1,2.21,3.50,80.4,7.8,1.30
1992-07-01,2.00,140.500,3.25,1139,65.6172,3.02,1.51,3393.9,-43147,108794,4204.8,2.48,3.59,76.6,7.7,1.17
1992-08-01,2.06,140.800,3.30,1226,65.2943,3.00,1.53,3398.8,-24742,108929,4220.9,2.40,3.29,76.1,7.6,1.27
1992-09-01,2.20,141.100,3.22,1186,65.4460,3.00,1.51,3410.3,5310,108963,4255.3,2.53,3.20,75.6,7.6,1.43
1992-10-01,2.25,141.700,3.10,1244,65.9369,3.00,1.52,3423.8,-48792,109144,4284.7,2.51,3.49,73.3,7.3,1.76
1992-11-01,2.09,142.100,3.09,1214,66.2174,3.00,1.51,3426.5,-32726,109277,4300.5,2.29,3.78,85.3,7.4,1.76
1992-12-01,2.04,142.300,2.92,1227,66.2772,3.00,1.51,3424.7,-38947,109499,4336.4,2.10,3.85,91.0,7.4,2.25
1993-01-01,2.07,142.800,3.02,1210,66.5643,3.00,1.50,3419.1,29817,109799,4340.7,2.21,3.58,89.3,7.3,1.89
1993-02-01,2.13,143.100,3.03,1210,66.8594,3.00,1.50,3414.5,-48498,110047,4355.3,2.16,3.23,86.6,7.1,2.20
1993-03-01,2.17,143.300,3.07,1083,66.7658,3.00,1.52,3411.7,-43974,109999,4352.5,2.03,2.91,85.9,7.0,1.74
1993-04-01,2.17,143.800,2.96,1258,67.0000,3.00,1.51,3411.3,7817,110302,4393.4,2.13,3.01,85.6,7.1,1.79
1993-05-01,2.17,144.200,3.00,1260,66.7674,3.00,1.49,3436.9,-36963,110573,4422.4,2.06,3.04,80.3,7.1,1.57
1993-06-01,2.11,144.300,3.04,1280,66.8781,3.00,1.50,3442.4,11099,110752,4440.0,1.80,2.92,81.5,7.0,1.68
1993-07-01,2.12,144.500,3.06,1254,67.0845,3.00,1.50,3442.0,-39577,111057,4468.9,1.74,2.75,77.0,6.9,1.95
1993-08-01,1.92,144.800,3.03,1300,67.0140,3.00,1.50,3445.7,-23078,111211,4481.1,1.68,2.65,77.3,6.8,2.01
1993-09-01,1.98,145.000,3.09,1343,67.3345,3.00,1.50,3452.2,8517,111452,4511.5,1.51,2.27,77.9,6.7,2.06
1993-10-01,1.98,145.600,2.99,1392,67.8515,3.00,1.48,3456.7,-45422,111737,4532.8,1.46,2.34,82.7,6.8,1.78
1993-11-01,1.94,146.000,3.02,1376,68.1326,3.00,1.49,3470.1,-38381,111990,4554.1,1.56,2.70,81.2,6.6,2.11
1993-12-01,1.92,146.300,2.96,1533,68.5054,3.00,1.50,3474.5,-7705,112319,4571.1,1.56,2.81,88.2,6.5,2.31
1994-01-01,1.90,146.300,3.05,1272,68.7648,3.00,1.48,3474.9,15248,112601,4585.1,1.61,2.70,94.3,6.6,1.99
1994-02-01,1.79,146.700,3.25,1337,68.7836,3.00,1.47,3475.7,-41566,112785,4632.6,1.50,2.72,93.2,6.6,2.00
1994-03-01,1.65,147.100,3.34,1564,69.4766,3.00,1.46,3480.1,-32315,113248,4646.0,1.48,3.14,91.5,6.5,1.99
1994-04-01,1.55,147.200,3.56,1465,69.8703,3.00,1.46,3481.3,17454,113592,4671.1,1.42,3.41,92.6,6.4,2.13
1994-05-01,1.44,147.500,4.01,1526,70.2281,3.24,1.47,3490.8,-32057,113928,4669.5,1.21,3.17,92.8,6.1,2.10
1994-06-01,1.55,147.900,4.25,1409,70.6763,3.50,1.47,3479.5,14850,114242,4708.9,1.17,2.85,91.2,6.1,2.21
1994-07-01,1.50,148.400,4.26,1439,70.7846,3.50,1.47,3488.2,-33198,114613,4720.6,1.17,3.04,89.0,6.1,2.18
1994-08-01,1.50,149.000,4.47,1450,71.2053,3.76,1.46,3485.7,-24275,114902,4762.6,1.06,2.77,91.7,6.0,2.42
1994-09-01,1.52,149.300,4.73,1474,71.4767,4.00,1.46,3486.1,4266,115251,4775.0,1.07,2.73,91.5,5.9,2.11
1994-10-01,1.46,149.400,4.76,1450,72.0820,4.00,1.45,3484.3,-31343,115464,4812.9,1.01,2.98,92.7,5.8,2.12
1994-11-01,1.36,149.800,5.29,1511,72.5263,4.40,1.46,3487.2,-37243,115876,4825.6,0.81,2.67,91.6,5.6,2.19
1994-12-01,1.29,150.100,5.45,1455,73.2879,4.75,1.44,3486.4,-4803,116171,4841.6,0.22,2.36,95.1,5.5,2.15
1995-01-01,1.30,150.500,5.53,1407,73.4219,4.75,1.45,3492.4,15634,116508,4851.2,0.27,2.25,97.6,5.6,2.04
1995-02-01,1.38,150.900,5.92,1316,73.3025,5.25,1.46,3489.9,-38357,116702,4850.8,0.36,1.55,95.1,5.4,1.68
1995-03-01,1.50,151.200,5.98,1249,73.4081,5.25,1.48,3491.1,-50544,116913,4885.4,0.42,1.22,90.3,5.4,1.58
1995-04-01,1.54,151.800,6.05,1267,73.3612,5.25,1.48,3499.2,49722,117076,4890.2,0.49,1.01,92.5,5.8,1.19
1995-05-01,1.57,152.100,6.01,1314,73.6104,5.25,1.49,3524.2,-39555,117056,4933.1,0.46,0.62,89.8,5.6,1.03
1995-06-01,1.73,152.400,6.00,1281,73.8602,5.25,1.48,3548.9,12813,117293,4977.5,0.45,0.17,92.7,5.6,1.14
1995-07-01,1.76,152.600,5.85,1461,73.5664,5.25,1.49,3567.4,-13582,117386,4970.2,0.50,0.43,94.4,5.7,1.12
1995-08-01,1.70,152.900,5.74,1416,74.4950,5.25,1.48,3589.0,-33849,117642,5005.3,0.51,0.75,96.2,5.7,1.61
1995-09-01,1.73,153.100,5.80,1369,74.7937,5.25,1.47,3602.1,7191,117881,5020.5,0.39,0.40,88.9,5.6,1.47
1995-10-01,1.71,153.500,5.76,1369,74.7017,5.25,1.49,3613.4,-22758,118038,5013.9,0.34,0.28,90.2,5.5,1.71
1995-11-01,1.75,153.700,5.80,1452,74.8897,5.25,1.48,3619.9,-38452,118182,5055.6,0.45,0.13,88.2,5.6,1.43
1995-12-01,1.78,153.900,5.60,1431,75.1755,5.25,1.45,3629.5,5283,118328,5097.5,0.39,0.11,91.0,5.6,1.42
1996-01-01,1.82,154.700,5.56,1467,74.6841,5.24,1.50,3647.9,19456,118323,5085.7,0.54,0.09,89.3,5.6,1.43
1996-02-01,1.82,155.000,5.22,1491,75.8344,5.00,1.50,3661.9,-44346,118744,5132.8,0.78,0.59,88.5,5.5,1.41
1996-03-01,1.76,155.500,5.31,1424,75.7631,5.00,1.46,3687.0,-47071,119001,5173.3,0.61,0.96,93.7,5.5,1.37
1996-04-01,1.68,156.100,5.22,1516,76.4562,5.00,1.46,3697.8,72404,119168,5208.0,0.55,1.29,92.7,5.6,1.62
1996-05-01,1.56,156.400,5.24,1504,77.0161,5.00,1.45,3709.7,-53051,119496,5223.8,0.64,1.50,89.4,5.6,1.75
1996-06-01,1.49,156.700,5.27,1467,77.6669,5.00,1.44,3722.7,34340,119778,5229.8,0.61,1.64,92.4,5.3,2.06
1996-07-01,1.48,157.000,5.40,1472,77.5662,5.00,1.45,3737.3,-26856,120020,5251.9,0.60,1.47,94.7,5.5,1.97
1996-08-01,1.54,157.200,5.22,1557,78.0160,5.00,1.45,3744.3,-41831,120207,5275.0,0.61,1.42,95.3,5.1,1.97
1996-09-01,1.52,157.700,5.30,1475,78.5532,5.00,1.44,3753.7,35257,120418,5296.6,0.60,1.53,94.7,5.2,1.72
1996-10-01,1.54,158.200,5.24,1392,78.5065,5.00,1.44,3771.0,-39805,120674,5328.5,0.62,1.29,96.5,5.2,1.63
1996-11-01,1.59,158.700,5.31,1489,79.1996,5.00,1.43,3790.2,-37878,120969,5351.2,0.50,0.89,99.2,5.4,1.48
1996-12-01,1.59,159.100,5.29,1370,79.7143,5.00,1.43,3810.5,18490,121152,5378.6,0.52,1.01,96.9,5.4,1.44
1997-01-01,1.51,159.400,5.25,1355,79.8273,5.00,1.43,3824.8,13364,121372,5411.1,0.57,1.33,97.4,5.3,1.60
1997-02-01,1.52,159.700,5.19,1486,80.7930,5.00,1.41,3836.4,-44010,121682,5434.0,0.52,1.23,99.7,5.2,1.82
1997-03-01,1.49,159.800,5.39,1457,81.3340,5.00,1.41,3851.3,-21323,121999,5454.2,0.47,1.30,100.0,5.2,2.02
1997-04-01,1.45,159.900,5.51,1492,81.3531,5.00,1.41,3867.4,93939,122296,5459.3,0.44,1.38,101.4,5.1,1.90
1997-05-01,1.49,159.900,5.50,1442,81.8293,5.00,1.43,3879.2,-48494,122557,5460.2,0.43,1.21,103.2,4.9,2.03
1997-06-01,1.53,160.200,5.56,1494,82.2285,5.00,1.42,3896.0,54635,122825,5494.2,0.40,0.93,104.5,5.0,1.93
1997-07-01,1.53,160.400,5.52,1437,82.8557,5.00,1.41,3913.9,-25624,123119,5548.8,0.33,0.70,107.1,4.9,2.03
1997-08-01,1.52,160.800,5.54,1390,83.7214,5.00,1.41,3947.5,-35189,123099,5587.0,0.36,0.76,104.4,4.8,1.59
1997-09-01,1.49,161.200,5.54,1546,84.4651,5.00,1.41,3963.2,49940,123594,5601.7,0.33,0.67,106.0,4.9,1.92
1997-10-01,1.54,161.500,5.50,1520,85.1918,5.00,1.42,3982.3,-35968,123940,5637.7,0.26,0.53,105.6,4.7,2.00
1997-11-01,1.54,161.700,5.52,1510,85.9397,5.00,1.41,4004.8,-17349,124246,5661.1,0.17,0.36,107.2,4.6,2.05
1997-12-01,1.51,161.800,5.50,1566,86.2047,5.00,1.42,4023.0,13639,124559,5692.1,0.09,0.31,102.1,4.7,2.08
1998-01-01,1.65,162.000,5.56,1525,86.6474,5.00,1.43,4046.3,25379,124823,5689.9,0.18,-0.02,106.6,4.6,1.86
1998-02-01,1.68,162.000,5.51,1584,86.7612,5.00,1.43,4079.0,-41750,125024,5723.8,0.15,0.06,110.4,4.6,1.85
1998-03-01,1.67,162.000,5.49,1567,86.8198,5.00,1.43,4104.6,-13813,125174,5750.3,0.09,0.16,106.5,4.7,1.64
1998-04-01,1.69,162.200,5.45,1540,87.1411,5.00,1.44,4130.3,124603,125453,5788.1,0.08,0.19,108.7,4.3,1.88
1998-05-01,1.65,162.600,5.49,1536,87.6952,5.00,1.43,4154.2,-38779,125855,5837.9,0.06,0.16,106.5,4.4,1.97
1998-06-01,1.63,162.800,5.56,1641,87.1450,5.00,1.44,4174.1,51106,126087,5871.7,-0.02,-0.06,105.6,4.5,1.65
1998-07-01,1.69,163.200,5.54,1698,86.8423,5.00,1.45,4193.8,-24084,126213,5890.0,0.00,-0.08,105.2,4.5,1.63
1998-08-01,1.80,163.400,5.55,1614,88.6247,5.00,1.44,4218.8,-11166,126551,5925.0,0.07,-0.21,104.4,4.5,1.66
1998-09-01,2.28,163.500,5.51,1582,88.4515,5.00,1.44,4257.7,37425,126764,5965.6,0.14,-0.70,100.9,4.6,1.94
1998-10-01,2.65,163.900,5.07,1715,89.1677,4.86,1.43,4297.8,-32440,126968,5998.8,0.44,-0.54,97.4,4.5,1.67
1998-11-01,2.51,164.100,4.83,1660,89.1098,4.63,1.43,4336.8,-16937,127243,6015.4,0.29,0.00,102.7,4.4,1.71
1998-12-01,2.58,164.400,4.68,1792,89.4407,4.50,1.43,4365.7,-5156,127607,6070.5,0.14,-0.03,100.5,4.4,1.84
1999-01-01,2.57,164.700,4.63,1748,89.8594,4.50,1.42,4393.1,70505,127713,6072.9,0.10,0.09,103.9,4.3,1.62
1999-02-01,2.39,164.700,4.76,1670,90.3386,4.50,1.41,4415.8,-42337,128131,6101.8,0.12,0.24,108.1,4.4,1.84
1999-03-01,2.30,164.800,4.81,1710,90.4819,4.50,1.42,4422.7,-22409,128239,6132.9,0.18,0.42,105.7,4.2,1.84
1999-04-01,2.30,165.900,4.74,1553,90.7274,4.50,1.42,4451.3,113459,128610,6196.2,0.20,0.44,104.6,4.3,1.80
1999-05-01,2.18,166.000,4.74,1611,91.3520,4.50,1.40,4475.5,-23969,128822,6225.7,0.29,0.80,106.8,4.2,1.67
1999-06-01,2.12,166.000,4.76,1559,91.1994,4.50,1.40,4497.3,53568,129099,6254.0,0.28,1.14,107.3,4.3,1.67
1999-07-01,2.16,166.700,4.99,1669,91.7766,4.50,1.40,4524.6,-25164,129420,6281.5,0.24,0.80,106.0,4.3,1.85
1999-08-01,2.21,167.100,5.07,1648,92.1629,4.56,1.39,4541.8,-2803,129576,6326.5,0.26,0.87,104.5,4.2,1.73
1999-09-01,2.28,167.800,5.22,1635,91.7740,4.75,1.40,4557.9,58042,129781,6378.8,0.26,0.70,107.2,4.2,1.61
1999-10-01,2.27,168.100,5.20,1608,92.9979,4.75,1.39,4581.6,-26326,130190,6402.1,0.25,0.91,103.2,4.1,1.70
1999-11-01,2.12,168.400,5.42,1648,93.4371,4.86,1.39,4600.6,-27031,130479,6437.9,0.17,0.61,107.2,4.1,1.96
1999-12-01,1.91,168.800,5.30,1708,94.1593,5.00,1.39,4628.1,33081,130786,6538.7,0.18,0.98,105.4,4.0,1.90
2000-01-01,1.67,169.300,5.45,1636,94.1758,5.00,1.38,4656.3,62152,131020,6535.3,0.22,1.21,112.0,4.0,1.61
2000-02-01,1.77,170.000,5.73,1737,94.4557,5.24,1.40,4669.6,-41734,131136,6619.7,-0.09,0.79,111.3,4.1,1.46
2000-03-01,2.11,171.000,5.85,1604,94.7980,5.34,1.38,4700.4,-35380,131609,6685.8,-0.27,0.41,107.1,4.0,1.87
2000-04-01,2.41,170.900,6.02,1626,95.4808,5.50,1.39,4756.2,159497,131900,6671.1,-0.41,-0.03,109.2,3.8,2.14
2000-05-01,2.46,171.200,6.27,1575,95.6435,5.71,1.40,4743.7,-3611,132118,6707.6,-0.37,0.17,110.7,4.0,1.87
2000-06-01,2.38,172.200,6.53,1559,95.7353,6.00,1.40,4761.5,55888,132079,6743.9,-0.38,-0.43,106.4,4.0,1.26
2000-07-01,2.30,172.700,6.54,1463,95.5906,6.00,1.41,4779.0,5061,132247,6764.1,-0.29,-0.49,108.3,4.0,0.96
2000-08-01,2.43,172.700,6.50,1541,95.3112,6.00,1.43,4807.2,-10427,132240,6799.1,-0.40,-0.67,107.3,4.1,1.00
2000-09-01,2.55,173.600,6.52,1507,95.6790,6.00,1.40,4842.8,65747,132364,6882.9,-0.28,-0.72,106.8,3.9,1.02
2000-10-01,2.60,173.900,6.51,1549,95.3970,6.00,1.42,4858.8,-11321,132365,6888.2,-0.17,-0.77,105.8,3.9,1.15
2000-11-01,2.56,174.200,6.51,1551,95.4229,6.00,1.43,4869.7,-23690,132570,6902.4,-0.16,-0.79,107.6,3.9,0.93
2000-12-01,2.78,174.600,6.40,1532,95.1573,6.00,1.42,4914.4,32666,132722,6945.7,-0.11,-1.16,98.4,3.9,0.75
2001-01-01,2.77,175.600,5.98,1600,94.5448,5.52,1.44,4965.0,76379,132712,6977.0,0.40,-0.82,94.7,4.2,0.88
2001-02-01,2.77,176.000,5.49,1625,93.9398,5.00,1.42,5003.2,-48168,132804,6995.8,0.44,-0.39,90.6,4.2,0.59
2001-03-01,2.95,176.100,5.31,1590,93.7201,4.81,1.44,5061.1,-50662,132761,6987.9,0.55,-0.42,91.5,4.3,0.38
2001-04-01,2.93,176.400,4.80,1649,93.4469,4.28,1.45,5125.0,189796,132475,7001.2,0.91,0.34,88.4,4.4,0.19
2001-05-01,2.68,177.300,4.21,1605,92.8760,3.73,1.43,5121.8,-27919,132426,7047.1,1.13,1.18,92.0,4.3,0.38
2001-06-01,2.69,177.700,3.97,1636,92.3208,3.47,1.44,5162.1,31862,132312,7060.7,1.20,1.31,92.6,4.5,0.53
2001-07-01,2.73,177.400,3.77,1670,91.7933,3.25,1.43,5192.0,2820,132187,7072.2,1.20,1.47,92.4,4.6,0.22
2001-08-01,2.88,177.400,3.65,1567,91.6795,3.16,1.42,5225.9,-79990,132043,7108.9,1.21,1.32,91.5,4.9,0.33
2001-09-01,3.30,178.100,3.07,1562,91.3289,2.77,1.44,5337.1,35501,131791,7012.8,1.61,1.66,81.8,5.0,-0.15
2001-10-01,3.34,177.600,2.49,1540,90.9315,2.02,1.40,5325.7,-7656,131468,7208.4,1.84,2.08,82.7,5.3,-0.40
2001-11-01,3.16,177.500,2.09,1602,90.4860,1.58,1.39,5369.3,-54267,131158,7167.9,1.87,2.56,83.9,5.5,-0.48
2001-12-01,2.96,177.400,1.82,1568,90.5073,1.33,1.39,5422.4,26567,130997,7147.7,1.98,3.27,88.8,5.7,-0.09
2002-01-01,2.83,177.700,1.73,1698,91.0794,1.25,1.39,5442.8,43729,130868,7174.3,2.01,3.31,93.0,5.7,0.50
2002-02-01,2.98,178.000,1.74,1829,91.0553,1.25,1.38,5472.2,-76056,130752,7218.3,1.89,3.17,90.7,5.7,0.70
2002-03-01,2.83,178.500,1.73,1642,91.7980,1.25,1.37,5484.2,-64238,130732,7237.2,1.72,3.55,95.7,5.7,0.48
2002-04-01,2.82,179.300,1.75,1592,92.1771,1.25,1.35,5484.2,67170,130636,7305.4,1.79,3.46,93.0,5.9,0.56
2002-05-01,2.93,179.500,1.75,1764,92.5668,1.25,1.35,5510.2,-80631,130647,7282.7,1.90,3.41,96.9,5.8,0.69
2002-06-01,3.02,179.600,1.75,1717,93.4476,1.25,1.35,5535.2,29071,130695,7318.2,1.94,3.18,92.4,5.8,0.96
2002-07-01,3.25,180.000,1.73,1655,93.2237,1.25,1.36,5577.7,-29159,130604,7380.4,2.09,2.92,88.1,5.8,1.12
2002-08-01,3.32,180.500,1.74,1633,93.2359,1.25,1.34,5620.2,-54709,130603,7401.5,2.13,2.52,87.6,5.7,0.91
2002-09-01,3.53,180.800,1.75,1804,93.3654,1.25,1.36,5644.6,42388,130524,7391.0,1.87,2.12,86.1,5.7,0.96
2002-10-01,3.79,181.200,1.75,1648,93.0834,1.25,1.36,5689.1,-54072,130643,7430.7,2.03,2.19,80.6,5.7,0.86
2002-11-01,3.57,181.500,1.34,1753,93.5693,0.83,1.35,5739.2,-58883,130632,7459.7,2.13,2.71,84.2,5.9,0.70
2002-12-01,3.42,181.800,1.24,1788,93.1103,0.75,1.37,5760.5,4719,130488,7512.8,2.19,2.79,86.7,6.0,0.63
2003-01-01,3.30,182.600,1.24,1853,93.8198,2.25,1.35,5793.0,10633,130596,7533.1,2.31,2.81,82.4,5.8,0.89
2003-02-01,3.16,183.600,1.26,1629,93.9532,2.25,1.36,5829.2,-96663,130461,7535.9,2.27,2.64,79.9,5.9,0.66
2003-03-01,3.14,183.900,1.25,1726,93.7358,2.25,1.35,5849.9,-58877,130246,7598.4,2.24,2.56,77.6,5.9,0.47
2003-04-01,2.89,183.200,1.26,1643,93.0657,2.25,1.38,5887.1,51066,130194,7621.0,2.34,2.70,86.0,6.0,0.26
2003-05-01,2.81,182.900,1.26,1751,93.0918,2.25,1.37,5947.3,-88867,130210,7628.1,2.15,2.31,92.1,6.1,0.45
2003-06-01,2.86,183.100,1.22,1867,93.2476,2.00,1.35,5984.0,21230,130209,7678.6,2.10,2.11,89.7,6.3,0.53
2003-07-01,2.64,183.700,1.01,1897,93.6582,2.00,1.33,6030.6,-54240,130207,7738.2,2.51,2.97,90.9,6.2,0.91
2003-08-01,2.56,184.500,1.03,1833,93.5246,2.00,1.32,6088.7,-76587,130167,7834.5,2.59,3.42,89.3,6.1,1.12
2003-09-01,2.52,185.100,1.01,1939,94.0751,2.00,1.31,6060.8,23402,130279,7835.0,2.56,3.26,87.7,6.1,1.49
2003-10-01,2.44,184.900,1.01,1967,94.2079,2.00,1.32,6051.5,-69545,130473,7845.7,2.54,3.28,89.6,6.0,1.56
2003-11-01,2.36,185.000,1.00,2083,94.9338,2.00,1.31,6056.6,-42971,130490,7899.6,2.37,3.30,93.7,5.8,1.54
2003-12-01,2.33,185.500,0.98,2057,94.8662,2.00,1.31,6054.7,-17640,130605,7929.2,2.36,3.29,92.6,5.7,1.80
2004-01-01,2.29,186.300,1.00,1911,95.1085,2.00,1.31,6063.2,-1633,130787,7987.4,2.39,3.15,103.8,5.7,1.53
2004-02-01,2.19,186.700,1.01,1846,95.6847,2.00,1.31,6102.1,-96701,130844,8019.8,2.34,3.07,94.4,5.6,1.49
2004-03-01,2.28,187.100,1.00,1998,95.2088,2.00,1.28,6137.8,-72913,131156,8076.0,2.25,2.83,95.8,5.8,1.61
2004-04-01,2.11,187.400,1.00,2003,95.6385,2.00,1.30,6178.8,17578,131426,8088.6,2.28,3.35,94.2,5.6,1.64
2004-05-01,2.03,188.200,1.00,1981,96.3966,2.00,1.29,6255.4,-62463,131710,8163.2,2.19,3.72,90.2,5.6,1.79
2004-06-01,2.05,188.900,1.03,1828,95.6019,2.25,1.31,6257.7,19124,131807,8147.2,1.97,3.70,95.6,5.6,1.52
2004-07-01,2.12,189.100,1.26,2002,96.3385,2.25,1.31,6271.4,-69160,131864,8218.9,1.86,3.24,96.7,5.5,1.56
2004-08-01,2.18,189.200,1.43,2024,96.4095,2.50,1.31,6297.5,-41132,131955,8253.1,1.77,2.85,95.9,5.4,1.48
2004-09-01,2.14,189.800,1.61,1905,96.4907,2.75,1.30,6332.2,24611,132112,8321.1,1.60,2.52,94.2,5.4,1.40
2004-10-01,2.11,190.800,1.76,2072,97.4094,2.75,1.29,6360.4,-56618,132466,8374.6,1.52,2.34,91.7,5.5,1.40
2004-11-01,2.01,191.700,1.93,1782,97.6137,3.00,1.30,6386.9,-57170,132521,8420.6,1.34,2.26,92.8,5.4,1.51
2004-12-01,1.92,191.700,2.16,2042,98.3318,3.25,1.28,6405.4,-2561,132644,8481.5,1.22,2.07,97.1,5.4,1.38
2005-01-01,1.80,191.600,2.28,2144,98.7845,3.25,1.29,6411.7,8106,132791,8470.2,1.00,1.94,95.5,5.3,1.16
2005-02-01,1.65,192.400,2.50,2207,99.4639,3.50,1.29,6420.0,-113789,133050,8529.2,0.79,1.67,94.1,5.4,1.54
2005-03-01,1.56,193.100,2.63,1864,99.3061,3.75,1.30,6429.0,-71724,133172,8569.5,0.77,1.87,92.6,5.2,1.40
2005-04-01,1.71,193.700,2.79,2061,99.4734,3.75,1.28,6443.0,57924,133536,8645.6,0.69,1.55,87.7,5.2,1.66
2005-05-01,1.87,193.600,3.00,2025,99.6033,4.00,1.29,6460.2,-36190,133706,8643.9,0.50,1.14,86.9,5.1,1.32
2005-06-01,1.86,193.700,3.04,2068,99.9853,4.25,1.28,6492.7,22473,133957,8724.8,0.36,0.96,96.0,5.0,1.68
2005-07-01,1.77,194.900,3.26,2054,99.6692,4.25,1.27,6524.3,-53395,134314,8829.5,0.31,0.92,96.5,5.0,1.69
2005-08-01,1.70,196.100,3.50,2095,99.9435,4.50,1.26,6557.1,-51036,134517,8832.4,0.22,0.76,89.1,4.9,1.79
2005-09-01,1.83,198.800,3.62,2151,98.0779,4.75,1.25,6590.9,35234,134583,8885.8,0.25,0.58,76.9,5.0,1.27
2005-10-01,1.84,199.100,3.78,2065,99.3149,4.75,1.25,6625.2,-47277,134673,8926.6,0.19,0.68,74.2,5.0,1.33
2005-11-01,1.85,198.100,4.00,2147,100.3216,5.00,1.26,6641.7,-83072,135012,8938.5,0.12,0.54,81.6,5.0,1.49
2005-12-01,1.85,198.100,4.16,1994,100.9437,5.25,1.26,6668.5,10967,135168,8969.6,0.07,0.31,91.5,4.9,1.71
2006-01-01,1.82,199.300,4.29,2273,101.0627,5.50,1.25,6711.0,20964,135446,9059.8,0.02,0.13,91.2,4.7,1.85
2006-02-01,1.70,199.400,4.49,2119,101.0669,5.50,1.26,6735.2,-119237,135753,9090.1,-0.10,0.08,86.7,4.8,1.62
2006-03-01,1.69,199.700,4.59,1969,101.2751,5.75,1.26,6749.6,-85281,136063,9122.1,-0.01,0.13,88.9,4.7,1.57
2006-04-01,1.69,200.700,4.79,1821,101.6813,5.75,1.27,6786.7,118841,136221,9174.8,0.10,0.20,87.4,4.7,1.40
2006-05-01,1.64,201.300,4.94,1942,101.5790,6.00,1.27,6793.4,-42907,136261,9215.1,0.14,0.17,79.1,4.6,1.05
2006-06-01,1.67,201.800,4.99,1802,101.9693,6.25,1.28,6831.4,20517,136342,9240.8,-0.01,0.12,84.9,4.6,1.12
2006-07-01,1.67,202.900,5.24,1737,101.9319,6.25,1.29,6872.9,-33164,136538,9322.6,-0.03,-0.15,84.7,4.7,0.72
2006-08-01,1.71,203.800,5.25,1650,102.3327,6.25,1.28,6903.7,-64717,136713,9321.8,-0.02,-0.37,82.0,4.7,1.02
2006-09-01,1.71,202.800,5.25,1720,102.1252,6.25,1.31,6930.6,56167,136860,9354.7,-0.05,-0.53,85.4,4.5,0.90
2006-10-01,1.69,201.900,5.25,1491,102.0668,6.25,1.32,6980.0,-49321,136870,9373.2,-0.07,-0.52,93.6,4.4,1.10
2006-11-01,1.60,202.000,5.25,1570,101.9688,6.25,1.31,7014.8,-73042,137082,9380.2,-0.14,-0.65,92.1,4.5,0.83
2006-12-01,1.66,203.100,5.24,1649,103.0292,6.25,1.28,7057.9,41961,137268,9469.0,-0.11,-0.68,91.7,4.4,1.00
2007-01-01,1.58,203.437,5.25,1409,102.4933,6.25,1.31,7095.9,38236,137493,9516.3,-0.12,-0.49,96.9,4.6,1.27
2007-02-01,1.56,204.226,5.26,1480,103.5264,6.25,1.30,7111.7,-119993,137573,9546.8,-0.13,-0.54,91.3,4.5,1.09
2007-03-01,1.71,205.288,5.26,1495,103.7521,6.25,1.28,7145.5,-96270,137810,9585.1,-0.01,-0.70,88.4,4.4,1.36
2007-04-01,1.70,205.904,5.25,1490,104.4814,6.25,1.28,7217.7,177674,137860,9615.7,0.02,-0.56,87.1,4.5,1.08
2007-05-01,1.64,206.755,5.25,1415,104.5322,6.25,1.28,7231.3,-67699,138012,9651.3,-0.02,-0.50,88.3,4.4,1.26
2007-06-01,1.60,207.234,5.25,1448,104.5617,6.25,1.28,7264.5,27481,138088,9667.3,0.12,-0.15,85.3,4.6,0.76
2007-07-01,1.65,207.603,5.26,1354,104.5227,6.25,1.29,7294.8,-36447,138055,9709.6,0.18,-0.26,90.4,4.7,0.56
2007-08-01,1.98,207.667,5.02,1330,104.7556,5.75,1.28,7371.2,-116973,138032,9753.9,0.36,-0.35,83.4,4.6,0.59
2007-09-01,2.07,208.547,4.94,1183,105.1611,5.25,1.28,7389.3,112866,138114,9797.9,0.51,-0.42,83.4,4.7,0.46
2007-10-01,1.95,209.190,4.76,1264,104.7171,5.00,1.27,7403.3,-56838,138190,9827.0,0.56,-0.23,80.9,4.7,0.65
2007-11-01,2.25,210.834,4.49,1197,105.3338,5.00,1.26,7428.2,-98238,138299,9897.8,0.81,-0.34,76.1,4.7,0.45
2007-12-01,2.55,211.445,4.24,1037,105.3457,4.75,1.28,7458.4,48261,138409,9908.4,0.98,-0.14,75.5,5.0,0.27
2008-01-01,2.80,212.174,3.94,1084,105.0619,3.50,1.27,7492.2,17839,138422,9930.0,1.26,-0.20,78.4,5.0,0.44
2008-02-01,3.08,212.687,2.98,1103,104.7094,3.50,1.28,7577.0,-175563,138340,9913.4,1.77,0.76,70.8,4.9,0.35
2008-03-01,3.38,213.448,2.61,1005,104.4616,2.50,1.28,7642.8,-48212,138292,9959.4,1.89,0.90,69.5,5.1,0.22
2008-04-01,3.29,213.942,2.28,1013,103.6704,2.25,1.27,7685.7,159282,138056,9996.8,1.63,1.40,62.6,5.0,0.22
2008-05-01,3.05,215.208,1.98,973,103.0863,2.25,1.26,7697.5,-165927,137872,10053.8,1.43,1.90,59.8,5.4,0.03
2008-06-01,2.97,217.463,2.00,1046,102.8445,2.25,1.25,7715.0,33547,137706,10107.9,1.33,2.10,56.4,5.6,-0.10
2008-07-01,3.15,219.016,2.01,923,102.3002,2.25,1.26,7761.4,-102767,137508,10104.7,1.44,2.00,61.2,5.8,-0.41
2008-08-01,3.26,218.690,2.00,844,100.7353,2.25,1.29,7776.5,-111914,137229,10094.7,1.47,1.89,63.0,6.1,-0.81
2008-09-01,3.62,218.877,1.81,820,96.3666,2.25,1.31,7846.5,45734,136769,10043.5,1.61,1.88,70.3,6.1,-0.63
2008-10-01,5.07,216.995,0.97,777,97.2832,1.25,1.36,7955.0,-155533,136288,9960.3,2.20,2.84,57.6,6.5,-1.19
2008-11-01,5.68,213.153,0.39,652,96.0605,1.25,1.44,8005.6,-125201,135561,9820.8,2.32,3.14,55.3,6.8,-1.77
2008-12-01,6.01,211.398,0.16,560,93.2521,0.50,1.47,8182.0,-51754,134857,9730.7,1.60,2.26,60.1,7.3,-1.91
2009-01-01,5.62,211.933,0.15,490,91.0373,0.50,1.48,8263.3,-63457,134074,9783.8,1.71,2.37,61.2,7.8,-2.36
2009-02-01,5.21,212.705,0.22,582,90.4502,0.50,1.45,8292.5,-193859,133332,9766.0,1.89,2.65,56.3,8.3,-2.35
2009-03-01,5.60,212.495,0.18,505,89.0160,0.50,1.47,8358.4,-191589,132529,9718.5,1.89,2.64,57.3,8.7,-2.71
2009-04-01,5.46,212.709,0.15,478,88.3056,0.50,1.46,8361.3,-20907,131835,9724.8,2.00,2.78,65.1,9.0,-2.25
2009-05-01,4.77,213.022,0.18,540,87.4155,0.50,1.43,8418.7,-189651,131491,9748.9,2.36,3.11,68.7,9.4,-1.34
2009-06-01,3.78,214.790,0.21,585,87.0742,0.50,1.38,8428.2,-94332,131026,9806.9,2.54,3.51,70.8,9.5,-0.81
2009-07-01,3.53,214.726,0.16,594,88.0323,0.50,1.36,8433.0,-180680,130685,9841.7,2.54,3.40,66.0,9.5,-0.26
2009-08-01,2.99,215.445,0.16,586,89.0190,0.50,1.32,8432.5,-103555,130501,9961.0,2.47,3.43,65.7,9.6,-0.10
2009-09-01,2.91,215.861,0.15,585,89.6926,0.50,1.32,8431.8,-45207,130259,9883.4,2.44,3.25,73.5,9.8,0.26
2009-10-01,2.90,216.509,0.12,534,89.9797,0.50,1.31,8458.8,-176363,130061,9931.9,2.44,3.27,70.6,10.0,0.12
2009-11-01,2.92,217.234,0.12,588,90.3375,0.50,1.30,8488.8,-120287,130073,9940.5,2.60,3.28,67.4,9.9,0.41
2009-12-01,2.78,217.347,0.12,581,90.6132,0.50,1.28,8483.9,-91410,129804,9998.9,2.72,3.47,72.5,9.9,0.59
2010-01-01,2.52,217.488,0.11,614,91.6642,0.50,1.27,8446.1,-42634,129807,10001.8,2.80,3.62,74.4,9.8,0.48
2010-02-01,2.65,217.281,0.13,604,91.9940,0.75,1.28,8495.7,-220909,129715,10030.6,2.83,3.56,73.6,9.8,0.69
2010-03-01,2.54,217.353,0.16,636,92.5993,0.75,1.26,8492.8,-65387,129895,10089.1,2.77,3.57,73.6,9.9,1.00
2010-04-01,2.40,217.403,0.20,687,92.9436,0.75,1.25,8523.1,-82689,130132,10112.9,2.79,3.65,72.2,9.9,1.06
2010-05-01,2.63,217.290,0.20,583,94.2997,0.75,1.26,8577.8,-135927,130666,10131.0,2.59,3.22,73.6,9.6,1.34
2010-06-01,3.03,217.199,0.18,536,94.4397,0.75,1.27,8597.0,-68422,130530,10151.4,2.48,3.02,76.0,9.4,1.39
2010-07-01,3.00,217.605,0.18,546,94.8536,0.75,1.27,8606.6,-165043,130442,10184.7,2.39,2.83,67.8,9.4,1.36
2010-08-01,2.96,217.923,0.19,599,95.1448,0.75,1.27,8656.9,-90526,130437,10228.2,2.18,2.51,68.9,9.5,0.86
2010-09-01,3.01,218.275,0.19,594,95.3637,0.75,1.28,8687.9,-34607,130373,10249.0,2.17,2.46,68.2,9.5,0.50
2010-10-01,3.18,219.035,0.19,543,95.1109,0.75,1.27,8737.0,-140432,130642,10304.7,2.16,2.35,67.7,9.4,0.77
2010-11-01,3.16,219.590,0.19,545,95.1383,0.75,1.27,8757.7,-150394,130765,10354.7,2.31,2.57,71.6,9.8,1.37
2010-12-01,2.81,220.472,0.18,539,96.0599,0.75,1.27,8789.7,-78134,130839,10392.1,2.67,3.11,74.5,9.3,1.50
2011-01-01,2.70,221.187,0.17,630,95.9364,0.75,1.25,8826.2,-49796,130859,10435.5,2.78,3.22,74.2,9.1,1.43
2011-02-01,2.57,221.898,0.16,517,95.5154,0.75,1.26,8871.6,-222507,131072,10470.1,2.81,3.42,77.5,9.0,1.52
2011-03-01,2.62,223.046,0.14,600,96.4643,0.75,1.24,8916.0,-188154,131304,10550.5,2.71,3.27,67.5,9.0,1.66
2011-04-01,2.56,224.093,0.10,554,96.1187,0.75,1.25,8978.2,-40387,131625,10587.6,2.73,3.36,69.8,9.1,1.52
2011-05-01,2.61,224.806,0.09,561,96.3377,0.75,1.27,9029.5,-57641,131720,10612.0,2.61,3.08,74.3,9.0,1.28
2011-06-01,2.75,224.806,0.09,608,96.6154,0.75,1.27,9113.7,-43080,131955,10636.8,2.59,2.91,71.5,9.1,1.21
2011-07-01,2.76,225.395,0.07,623,97.1292,0.75,1.26,9301.6,-129376,132016,10677.5,2.59,2.93,63.7,9.0,1.30
2011-08-01,3.06,226.106,0.10,585,97.6731,0.75,1.26,9515.3,-134143,132138,10700.6,2.07,2.20,55.8,9.0,1.60
2011-09-01,3.29,226.597,0.08,650,97.6494,0.75,1.26,9539.9,-62750,132374,10738.1,1.77,1.90,59.5,9.0,1.35
2011-10-01,3.22,226.750,0.07,610,98.3222,0.75,1.26,9571.5,-98466,132578,10753.1,1.87,2.08,60.8,8.8,1.53
2011-11-01,3.13,227.169,0.08,711,98.2433,0.75,1.27,9612.5,-137302,132710,10759.5,1.76,1.93,63.7,8.6,1.78
2011-12-01,3.27,227.223,0.07,694,98.7876,0.75,1.26,9651.3,-85967,132914,10772.2,1.72,1.91,69.9,8.5,1.73
2012-01-01,3.26,227.842,0.08,723,99.3925,0.75,1.26,9730.6,-27407,133269,10862.1,1.73,1.89,75.0,8.3,1.92
2012-02-01,3.17,228.329,0.10,704,99.6203,0.75,1.25,9773.4,-231677,133531,10953.5,1.69,1.87,75.3,8.3,1.88
2012-03-01,3.06,228.807,0.13,695,99.1551,0.75,1.26,9818.0,-198157,133769,10951.8,1.83,2.04,76.2,8.2,1.90
2012-04-01,3.14,229.187,0.14,753,99.9006,0.75,1.26,9872.4,59117,133852,10979.7,1.76,1.91,76.4,8.2,1.77
2012-05-01,3.27,228.713,0.16,708,100.0924,0.75,1.27,9903.9,-124636,133951,10968.6,1.51,1.64,79.3,8.2,1.69
2012-06-01,3.40,228.524,0.16,757,100.0728,0.75,1.29,9973.8,-59741,134023,10946.3,1.33,1.46,73.2,8.2,1.46
2012-07-01,3.34,228.590,0.16,740,100.3354,0.75,1.30,10046.9,-69604,134176,10977.2,1.28,1.37,72.3,8.2,1.43
2012-08-01,3.23,229.918,0.13,754,99.8560,0.75,1.29,10118.0,-190533,134346,11004.1,1.41,1.55,74.3,8.1,1.40
2012-09-01,3.12,231.015,0.14,847,99.9049,0.75,1.29,10200.2,75180,134535,11061.5,1.46,1.58,78.3,7.8,1.61
2012-10-01,2.83,231.638,0.16,915,100.1167,0.75,1.29,10261.5,-119995,134693,11099.8,1.47,1.59,82.6,7.8,1.84
2012-11-01,2.86,231.249,0.16,833,100.5991,0.75,1.28,10320.1,-172112,134851,11136.8,1.38,1.49,82.7,7.7,1.40
2012-12-01,2.91,231.221,0.16,976,100.9542,0.75,1.29,10445.9,-1191,135088,11140.5,1.46,1.56,72.9,7.9,1.59
2013-01-01,2.82,231.679,0.14,888,100.8204,0.75,1.29,10471.7,2886,135283,11202.8,1.64,1.77,73.8,8.0,1.67
2013-02-01,2.87,232.937,0.15,962,101.3995,0.75,1.27,10468.5,-203539,135562,11239.6,1.71,1.83,77.6,7.7,2.00
2013-03-01,2.89,232.282,0.14,1010,101.8114,0.75,1.29,10540.0,-106530,135698,11227.1,1.70,1.82,78.6,7.5,1.78
2013-04-01,2.83,231.797,0.15,835,101.6364,0.75,1.30,10575.3,112889,135890,11205.4,1.53,1.61,76.4,7.6,1.70
2013-05-01,2.80,231.893,0.11,930,101.7476,0.75,1.29,10611.5,-138732,136114,11244.6,1.68,1.82,84.5,7.5,1.66
2013-06-01,2.89,232.445,0.09,839,101.9549,0.75,1.29,10666.0,116501,136295,11268.8,1.97,2.21,84.1,7.5,1.55
2013-07-01,2.74,232.900,0.09,880,101.5204,0.75,1.29,10721.9,-97597,136400,11296.7,2.24,2.49,85.1,7.3,1.53
2013-08-01,2.68,233.456,0.08,917,102.1907,0.75,1.29,10780.3,-147905,136642,11329.2,2.38,2.66,82.1,7.2,1.67
2013-09-01,2.66,233.544,0.08,850,102.7170,0.75,1.30,10832.7,75114,136831,11366.9,2.41,2.73,77.5,7.2,1.75
2013-10-01,2.69,233.669,0.09,925,102.5371,0.75,1.30,10945.6,-90586,137056,11419.8,2.28,2.53,73.2,7.2,1.40
2013-11-01,2.66,234.100,0.08,1100,102.8379,0.75,1.29,10953.3,-135226,137323,11487.6,2.42,2.64,75.1,6.9,1.58
2013-12-01,2.48,234.719,0.09,1002,103.1504,0.75,1.30,11015.9,53220,137390,11517.9,2.56,2.81,82.5,6.7,1.52
2014-01-01,2.33,235.288,0.07,888,102.7216,0.75,1.32,11066.4,-10250,137567,11512.5,2.47,2.79,81.2,6.6,1.85
2014-02-01,2.39,235.547,0.07,944,103.5917,0.75,1.31,11148.9,-193532,137735,11566.2,2.38,2.64,81.6,6.7,1.44
2014-03-01,2.34,236.028,0.08,970,104.5889,0.75,1.30,11190.5,-36895,137985,11643.0,2.32,2.64,80.0,6.7,1.52
2014-04-01,2.19,236.468,0.09,1043,104.6371,0.75,1.30,11246.9,106853,138312,11702.6,2.29,2.62,84.1,6.2,1.84
2014-05-01,2.20,236.918,0.09,1007,105.0152,0.75,1.30,11314.6,-129971,138533,11748.4,2.17,2.47,81.9,6.3,1.91
2014-06-01,2.20,237.231,0.10,911,105.4081,0.75,1.30,11366.8,70519,138857,11817.0,2.15,2.50,82.5,6.1,2.01
2014-07-01,2.19,237.498,0.09,1085,105.6157,0.75,1.30,11428.0,-94621,139084,11860.5,2.03,2.45,81.8,6.2,1.94
2014-08-01,2.27,237.460,0.09,984,105.4986,0.75,1.31,11457.3,-128677,139272,11944.3,1.95,2.33,82.5,6.1,1.74
2014-09-01,2.27,237.477,0.09,1023,105.8138,0.75,1.31,11492.2,105803,139583,11957.4,1.96,2.44,84.6,5.9,1.95
2014-10-01,2.39,237.430,0.09,1074,105.8357,0.75,1.32,11552.6,-121713,139841,12023.0,1.85,2.21,86.9,5.7,2.06
2014-11-01,2.46,236.983,0.09,1001,106.6634,0.75,1.33,11591.7,-56818,140127,12051.4,1.80,2.24,88.8,5.8,1.77
2014-12-01,2.53,236.252,0.12,1073,106.5085,0.75,1.35,11670.3,1864,140396,12062.0,1.57,2.09,93.6,5.6,2.04
2015-01-01,2.57,234.718,0.11,1092,105.9806,0.75,1.37,11733.4,-14996,140609,12046.0,1.33,1.77,98.1,5.7,1.68
2015-02-01,2.53,235.236,0.11,888,105.4425,0.75,1.39,11852.6,-192359,140857,12082.4,1.36,1.87,95.4,5.5,1.69
2015-03-01,2.50,236.005,0.11,962,105.1464,0.75,1.38,11869.0,-52918,140934,12158.3,1.40,1.93,93.0,5.4,1.72
2015-04-01,2.54,236.156,0.12,1191,104.5272,0.75,1.38,11916.4,156709,141234,12193.8,1.40,1.82,95.9,5.4,1.77
2015-05-01,2.69,236.974,0.12,1081,104.0742,0.75,1.38,11947.8,-84068,141553,12268.1,1.59,2.08,90.7,5.6,1.94
2015-06-01,2.77,237.684,0.13,1199,103.7174,0.75,1.38,11993.3,50487,141723,12308.3,1.67,2.23,96.1,5.3,1.75
2015-07-01,2.88,238.053,0.13,1138,104.3243,0.75,1.38,12045.5,-149187,142016,12355.4,1.65,2.19,93.1,5.2,1.90
2015-08-01,3.02,238.028,0.14,1132,104.1621,0.75,1.39,12097.0,-64412,142138,12394.0,1.47,2.03,91.9,5.1,1.83
2015-09-01,3.17,237.506,0.14,1215,103.7768,0.75,1.40,12154.0,90871,142271,12392.8,1.46,2.03,87.2,5.0,1.81
2015-10-01,3.27,237.781,0.12,1062,103.3976,0.75,1.41,12187.9,-136558,142610,12416.1,1.43,1.95,90.0,5.0,1.63
2015-11-01,3.20,238.016,0.12,1169,102.6866,0.75,1.41,12277.7,-64549,142845,12450.1,1.38,2.14,91.3,5.1,1.58
2015-12-01,3.22,237.817,0.24,1157,102.1014,1.00,1.43,12336.1,-14444,143125,12469.1,1.26,2.00,92.6,5.0,1.66
2016-01-01,3.36,237.833,0.34,1114,102.9525,1.00,1.43,12461.5,55163,143215,12482.2,1.19,1.75,92.0,4.9,1.40
2016-02-01,3.56,237.469,0.38,1208,102.2225,1.00,1.43,12533.7,-192610,143447,12550.1,1.05,1.40,91.7,4.9,1.69
2016-03-01,3.24,238.038,0.36,1115,101.4155,1.00,1.43,12595.4,-108043,143681,12547.2,1.01,1.53,91.0,5.0,1.59
2016-04-01,2.98,238.827,0.37,1160,101.5167,1.00,1.43,12685.0,106452,143892,12646.1,1.04,1.44,89.0,5.0,1.59
2016-05-01,2.87,239.464,0.37,1131,101.4298,1.00,1.43,12751.2,-52507,143907,12698.4,0.99,1.44,94.7,4.8,1.44
2016-06-01,2.89,240.167,0.38,1191,101.8747,1.00,1.41,12819.6,6252,144189,12775.1,0.91,1.26,93.5,4.9,1.47
2016-07-01,2.72,240.150,0.39,1232,102.1325,1.00,1.41,12880.8,-112819,144525,12790.1,0.83,1.11,90.0,4.8,1.53
2016-08-01,2.68,240.602,0.40,1159,102.0407,1.00,1.41,12968.2,-107112,144660,12841.8,0.82,1.16,89.8,4.9,1.56
2016-09-01,2.68,241.051,0.40,1063,102.0477,1.00,1.41,13031.5,33445,144930,12903.5,0.86,1.23,91.2,5.0,1.35
2016-10-01,2.62,241.691,0.40,1325,102.2485,1.00,1.40,13105.4,-45831,145058,12944.5,0.92,1.36,87.2,4.9,1.25
2016-11-01,2.57,242.029,0.41,1150,102.0507,1.00,1.41,13178.6,-136669,145228,12980.5,1.16,1.73,93.8,4.7,1.69
2016-12-01,2.34,242.772,0.54,1287,102.9281,1.25,1.39,13209.8,-27337,145443,13043.2,1.29,1.95,98.2,4.7,1.65
2017-01-01,2.23,243.780,0.65,1221,103.0366,1.25,1.38,13282.5,51257,145695,13098.6,1.22,1.78,98.5,4.7,1.76
2017-02-01,2.22,243.961,0.66,1292,102.6479,1.25,1.38,13340.2,-192044,145836,13084.3,1.22,1.76,96.3,4.7,1.52
2017-03-01,2.20,243.749,0.79,1179,103.3430,1.50,1.39,13405.5,-176233,145963,13159.4,1.17,1.69,96.9,4.4,1.69
2017-04-01,2.27,244.051,0.90,1152,104.2721,1.50,1.38,13470.3,182428,146176,13204.0,1.06,1.40,97.0,4.4,1.60
2017-05-01,2.25,243.962,0.91,1124,104.4129,,1.39,13520.9,-88423,146304,13229.5,1.00,1.39,97.1,4.4,1.43
2017-06-01,2.18,244.182,1.04,1232,104.5849,,1.39,13550.8,-90233,146533,13266.1,0.85,1.15,95.0,4.3,1.50
2017-07-01,2.07,244.390,1.15,1196,104.5427,,1.39,13616.1,-42939,146737,13292.1,0.95,1.17,93.4,4.3,1.42
2017-08-01,2.10,245.297,1.16,1167,104.0475,,1.39,13671.0,-107689,146924,13339.1,0.87,1.05,96.8,4.4,1.39
2017-09-01,2.10,246.418,1.15,1163,104.0502,,1.38,13716.9,7886,146942,13446.1,0.82,1.05,95.1,4.2,1.18
2017-10-01,1.96,246.587,1.15,1261,105.6287,,1.37,13779.0,-63214,147202,13505.5,0.81,1.21,100.7,4.1,1.60
2017-11-01,1.92,247.332,1.16,1299,106.1930,,1.35,13809.5,-138547,147422,13598.5,0.65,1.19,98.5,4.2,1.43
2017-12-01,1.82,247.901,1.30,1219,106.5360,,1.35,13852.0,-23192,147596,13633.6,0.56,1.10,95.9,4.1,1.53
2018-01-01,1.68,248.884,1.41,1335,106.2655,,1.36,13868.1,49237,147767,13662.6,0.55,1.17,95.7,4.1,1.56
2018-02-01,1.65,249.369,1.42,1295,106.6419,,1.36,13890.6,-215239,148097,13645.9,0.68,1.44,99.7,4.1,1.60
2018-03-01,1.80,249.498,1.51,1332,107.2519,,1.35,13941.2,-208743,148279,13730.3,0.56,1.33,101.4,4.0,1.62
2018-04-01,1.80,249.956,1.69,1267,108.2223,,1.36,13974.2,214255,148475,13805.2,0.49,1.18,98.8,3.9,1.60
2018-05-01,1.85,250.646,1.70,1332,107.3639,,1.34,14035.4,-146796,148745,13880.6,0.47,1.28,98.0,3.8,1.58
2018-06-01,1.92,251.134,1.82,1180,108.1707,,1.34,14107.7,-74858,149007,13941.0,0.38,1.09,98.2,4.0,1.52
2018-07-01,1.90,251.597,1.91,1184,108.6520,,1.35,14148.7,-76865,149185,14008.4,0.28,0.98,97.9,3.9,1.34
2018-08-01,1.88,251.879,1.91,1279,109.5246,,1.35,14190.6,-214148,149467,14062.6,0.25,0.98,96.2,3.8,1.52
2018-09-01,1.88,252.010,1.95,1236,109.6749,,1.35,14225.2,119116,149575,14080.4,0.23,1.05,100.1,3.7,1.38
2018-10-01,1.92,252.794,2.19,1211,109.9165,,1.36,14246.6,-100491,149852,14168.9,0.29,0.96,98.6,3.8,1.47
2018-11-01,2.10,252.760,2.20,1202,110.5067,,1.36,14264.6,-204903,150048,14238.9,0.26,0.92,97.5,3.7,1.12
2018-12-01,2.30,252.723,2.27,1142,110.5516,,1.39,14367.9,-13539,150275,14157.4,0.15,0.56,98.3,3.9,1.14
2019-01-01,2.41,252.673,2.40,1291,110.0907,,1.39,14437.8,8681,150587,14205.1,0.17,0.31,91.2,4.0,1.11
2019-02-01,2.27,253.113,2.40,1149,109.4709,,1.39,14444.1,-233977,150643,14181.7,0.18,0.28,93.8,3.8,1.18
2019-03-01,2.27,254.148,2.41,1199,109.5985,,1.38,14468.1,-146945,150796,14329.2,0.16,0.17,98.4,3.8,1.26
2019-04-01,2.17,254.958,2.42,1281,109.1657,,1.39,14514.4,160305,151012,14408.7,0.19,0.11,97.2,3.6,1.36
2019-05-01,2.23,255.155,2.39,1269,109.5645,,,14611.9,-207768,151084,14468.4,0.19,0.01,100.0,3.6,1.28
2019-06-01,2.39,255.305,2.38,,,,,14755.1,-8476,151308,,0.26,-0.31,,3.7,