,Real Gross Domestic Product,Real Gross Domestic Product,Real Gross Domestic Product,Federal Debt: Total Public Debt as Percent of Gross Domestic Product,Gross Private Domestic Investment,Personal Consumption Expenditures
DATE,A191RL1Q225SBEA,A191RO1Q156NBEA,GDPC1,GFDEGDQ188S,GPDI,PCEC
1947-01-01,,,2033.0610000000001,,35.854,156.161
1947-02-01,,,2031.2536666666667,,35.404333333333334,157.451
1947-03-01,,,2029.4463333333333,,34.95466666666667,158.741
1947-04-01,-1.0,,2027.639,,34.505,160.031
1947-05-01,-0.9333333333333333,,2026.2433333333333,,34.64033333333334,161.20166666666668
1947-06-01,-0.8666666666666667,,2024.8476666666668,,34.775666666666666,162.37233333333333
1947-07-01,-0.8,,2023.4520000000002,,34.911,163.543
1947-08-01,1.5999999999999999,,2034.0023333333336,,37.690666666666665,164.91933333333333
1947-09-01,4.0,,2044.5526666666667,,40.470333333333336,166.29566666666668
1947-10-01,6.4,,2055.103,,43.25,167.672
1947-11-01,6.333333333333334,,2065.407666666667,,44.56733333333333,168.572
1947-12-01,6.266666666666667,,2075.7123333333334,,45.88466666666667,169.472
1948-01-01,6.2,2.6,2086.0170000000003,,47.202,170.372
1948-02-01,6.4,3.2666666666666666,2097.494666666667,,48.24666666666667,171.62866666666667
1948-03-01,6.6,3.933333333333333,2108.972333333333,,49.291333333333334,172.88533333333334
1948-04-01,6.8,4.6,2120.45,,50.336000000000006,174.142
1948-05-01,5.3,4.866666666666666,2124.499333333333,,51.06266666666667,175.11866666666666
1948-06-01,3.8,5.133333333333334,2128.5486666666666,,51.78933333333334,176.09533333333334
1948-07-01,2.3,5.4,2132.598,,52.516000000000005,177.072
1948-08-01,1.6666666666666665,4.9,2133.392333333333,,52.122,177.35733333333334
1948-09-01,1.0333333333333332,4.4,2134.186666666667,,51.728,177.64266666666666
1948-10-01,0.4,3.9,2134.981,,51.333999999999996,177.928
1948-11-01,-1.5333333333333337,2.9,2125.174666666667,,48.602666666666664,177.56233333333333
1948-12-01,-3.4666666666666672,1.9,2115.3683333333333,,45.87133333333333,177.19666666666666
1949-01-01,-5.4,0.9,2105.562,,43.14,176.831
1949-02-01,-4.066666666666667,0.2666666666666667,2103.168,,40.840333333333334,177.36933333333332
1949-03-01,-2.733333333333334,-0.3666666666666666,2100.774,,38.54066666666667,177.90766666666667
1949-04-01,-1.4,-1.0,2098.38,,36.241,178.446
1949-05-01,0.46666666666666656,-0.8666666666666667,2105.6013333333335,,37.343666666666664,178.23266666666666
1949-06-01,2.333333333333333,-0.7333333333333334,2112.8226666666665,,38.446333333333335,178.01933333333332
1949-07-01,4.2,-0.6,2120.044,,39.549,177.80599999999998
1949-08-01,1.7000000000000002,-0.8999999999999999,2114.113,,38.855333333333334,178.62033333333332
1949-09-01,-0.7999999999999998,-1.2,2108.1820000000002,,38.16166666666667,179.4346666666667
1949-10-01,-3.3,-1.5,2102.251,,37.468,180.24900000000002
1949-11-01,3.366666666666667,0.2666666666666666,2129.7913333333336,,40.56166666666667,181.13933333333335
1949-12-01,10.033333333333335,2.033333333333333,2157.331666666667,,43.65533333333333,182.02966666666666
1950-01-01,16.7,3.8,2184.8720000000003,,46.748999999999995,182.92
1950-02-01,15.4,4.966666666666667,2207.083666666667,,48.596333333333334,184.21533333333332
1950-03-01,14.1,6.133333333333333,2229.2953333333335,,50.443666666666665,185.51066666666665
1950-04-01,12.8,7.3,2251.507,,52.291000000000004,186.80599999999998
1950-05-01,14.0,8.3,2280.5093333333334,,54.40766666666667,191.37233333333333
1950-06-01,15.2,9.3,2309.5116666666668,,56.52433333333334,195.93866666666665
1950-07-01,16.4,10.3,2338.514,,58.641000000000005,200.505
1950-08-01,13.566666666666666,11.333333333333334,2353.4396666666667,,61.90766666666667,199.652
1950-09-01,10.733333333333334,12.366666666666667,2368.3653333333336,,65.17433333333334,198.799
1950-10-01,7.9,13.4,2383.291,,68.441,197.946
1950-11-01,7.1000000000000005,12.466666666666667,2394.0806666666667,,67.15466666666667,201.69966666666667
1950-12-01,6.3,11.533333333333333,2404.8703333333333,,65.86833333333333,205.45333333333332
1951-01-01,5.5,10.6,2415.66,,64.582,209.207
1951-02-01,6.033333333333333,10.133333333333333,2429.6123333333335,,65.51566666666666,207.78533333333334
1951-03-01,6.566666666666666,9.666666666666666,2443.5646666666667,,66.44933333333333,206.36366666666666
1951-04-01,7.1,9.2,2457.5170000000003,,67.383,204.942
1951-05-01,7.566666666666666,8.566666666666666,2474.4,,65.58233333333334,205.83333333333334
1951-06-01,8.033333333333333,7.933333333333333,2491.2830000000004,,63.781666666666666,206.72466666666665
1951-07-01,8.5,7.3,2508.166,,61.981,207.61599999999999
1951-08-01,5.966666666666667,6.7,2510.0073333333335,,60.34866666666667,208.94066666666666
1951-09-01,3.4333333333333336,6.1,2511.8486666666668,,58.71633333333333,210.26533333333333
1951-10-01,0.9,5.5,2513.69,,57.083999999999996,211.59
1951-11-01,2.033333333333333,5.4,2522.6433333333334,,57.43333333333333,212.04966666666667
1951-12-01,3.1666666666666665,5.3,2531.596666666667,,57.782666666666664,212.50933333333336
1952-01-01,4.3,5.2,2540.55,,58.132,212.96900000000002
1952-02-01,3.1666666666666665,4.666666666666667,2542.3740000000003,,56.422666666666665,214.342
1952-03-01,2.033333333333333,4.133333333333334,2544.198,,54.71333333333333,215.715
1952-04-01,0.9,3.6,2546.022,,53.004,217.088
1952-05-01,1.5666666666666667,3.1333333333333333,2552.148333333333,,54.40933333333333,217.90966666666665
1952-06-01,2.2333333333333334,2.666666666666667,2558.2746666666667,,55.81466666666667,218.73133333333334
1952-07-01,2.9,2.2,2564.401,,57.22,219.553
1952-08-01,6.533333333333333,3.2666666666666666,2592.474333333333,,58.39233333333333,222.25866666666667
1952-09-01,10.166666666666666,4.333333333333334,2620.5476666666664,,59.56466666666666,224.96433333333331
1952-10-01,13.8,5.4,2648.6209999999996,,60.736999999999995,227.67
1952-11-01,11.733333333333334,5.666666666666667,2665.032333333333,,61.04566666666666,228.85333333333332
1952-12-01,9.666666666666668,5.933333333333334,2681.4436666666666,,61.35433333333334,230.03666666666666
1953-01-01,7.6,6.2,2697.855,,61.663000000000004,231.22
1953-02-01,6.1,6.4,2704.8063333333334,,61.81366666666667,231.8
1953-03-01,4.6,6.6,2711.757666666667,,61.964333333333336,232.38
1953-04-01,3.1,6.8,2718.7090000000003,,62.115,232.96
1953-05-01,1.3333333333333333,6.333333333333333,2713.6096666666667,,61.888333333333335,233.19533333333334
1953-06-01,-0.43333333333333357,5.866666666666667,2708.510333333333,,61.66166666666667,233.43066666666667
1953-07-01,-2.2,5.4,2703.4109999999996,,61.435,233.666
1953-08-01,-3.4333333333333336,3.7666666666666666,2689.7679999999996,,59.772000000000006,233.48133333333334
1953-09-01,-4.666666666666667,2.1333333333333333,2676.125,,58.109,233.29666666666665
1953-10-01,-5.9,0.5,2662.482,,56.446000000000005,233.112
1953-11-01,-4.566666666666667,-0.2666666666666666,2658.239666666667,,56.203,233.79266666666666
1953-12-01,-3.233333333333334,-1.0333333333333332,2653.9973333333332,,55.96,234.47333333333336
1954-01-01,-1.9,-1.8,2649.755,,55.717,235.15400000000002
1954-02-01,-1.1333333333333333,-2.0,2650.717666666667,,55.62766666666666,236.06433333333334
1954-03-01,-0.3666666666666667,-2.2,2651.6803333333332,,55.538333333333334,236.97466666666668
1954-04-01,0.4,-2.4,2652.643,,55.449,237.885
1954-05-01,1.7999999999999998,-1.8666666666666667,2662.629,,56.623,238.691
1954-06-01,3.1999999999999993,-1.3333333333333333,2672.615,,57.797000000000004,239.49699999999999
1954-07-01,4.6,-0.8,2682.6009999999997,,58.971000000000004,240.303
1954-08-01,5.766666666666667,0.3666666666666667,2700.0976666666666,,60.027,241.89966666666666
1954-09-01,6.933333333333334,1.5333333333333334,2717.594333333333,,61.083,243.49633333333333
1954-10-01,8.1,2.7,2735.091,,62.138999999999996,245.093
1954-11-01,9.366666666666667,3.866666666666667,2761.1313333333333,,64.32666666666667,247.19466666666665
1954-12-01,10.633333333333333,5.033333333333333,2787.1716666666666,,66.51433333333333,249.29633333333334
1955-01-01,11.9,6.2,2813.212,,68.702,251.398
1955-02-01,10.166666666666668,6.733333333333333,2828.4706666666666,,70.03066666666666,253.08733333333333
1955-03-01,8.433333333333334,7.266666666666667,2843.729333333333,,71.35933333333334,254.77666666666667
1955-04-01,6.7,7.8,2858.988,,72.688,256.466
1955-05-01,6.3,7.866666666666666,2871.8579999999997,,73.37433333333334,257.861
1955-06-01,5.9,7.933333333333334,2884.728,,74.06066666666666,259.25600000000003
1955-07-01,5.5,8.0,2897.598,,74.747,260.651
1955-08-01,4.466666666666667,7.533333333333333,2903.396333333333,,76.12533333333333,261.98033333333336
1955-09-01,3.433333333333333,7.066666666666666,2909.1946666666668,,77.50366666666667,263.30966666666666
1955-10-01,2.4,6.6,2914.993,,78.882,264.639
1955-11-01,1.0999999999999999,5.466666666666667,2911.219,,78.68900000000001,265.1446666666667
1955-12-01,-0.20000000000000018,4.333333333333334,2907.4449999999997,,78.496,265.6503333333333
1956-01-01,-1.5,3.2,2903.671,,78.303,266.156
1956-02-01,0.09999999999999987,2.9333333333333336,2911.669,,77.87533333333333,267.0486666666667
1956-03-01,1.6999999999999997,2.6666666666666665,2919.667,,77.44766666666666,267.9413333333333
1956-04-01,3.3,2.4,2927.665,,77.02,268.834
1956-05-01,2.0666666666666664,1.9,2926.7883333333334,,77.43566666666666,269.91433333333333
1956-06-01,0.8333333333333335,1.4,2925.9116666666664,,77.85133333333333,270.99466666666666
1956-07-01,-0.4,0.9,2925.035,,78.267,272.075
1956-08-01,1.9666666666666668,1.2666666666666666,2941.083,,77.893,273.865
1956-09-01,4.333333333333333,1.6333333333333333,2957.131,,77.51899999999999,275.655
1956-10-01,6.7,2.0,2973.179,,77.145,277.445
1956-11-01,5.333333333333334,2.3666666666666667,2979.525666666667,,77.33933333333333,278.92633333333333
1956-12-01,3.9666666666666672,2.7333333333333334,2985.8723333333332,,77.53366666666668,280.40766666666667
1957-01-01,2.6,3.1,2992.219,,77.72800000000001,281.889
1957-02-01,1.4333333333333333,2.7333333333333334,2990.0336666666667,,77.78766666666667,282.65133333333335
1957-03-01,0.2666666666666666,2.3666666666666667,2987.8483333333334,,77.84733333333334,283.41366666666664
1957-04-01,-0.9,2.0,2985.663,,77.907,284.176
1957-05-01,0.7333333333333335,2.3666666666666667,2995.415,,78.38433333333333,285.7006666666667
1957-06-01,2.366666666666667,2.7333333333333334,3005.1670000000004,,78.86166666666666,287.2253333333333
1957-07-01,4.0,3.1,3014.9190000000003,,79.339,288.75
1957-08-01,1.3000000000000003,2.2,3004.521666666667,,76.57433333333333,289.28933333333333
1957-09-01,-1.3999999999999995,1.3,2994.1243333333337,,73.80966666666667,289.82866666666666
1957-10-01,-4.1,0.4,2983.7270000000003,,71.045,290.368
1957-11-01,-6.066666666666666,-0.6999999999999998,2957.9093333333335,,69.60666666666667,290.20799999999997
1957-12-01,-8.033333333333333,-1.7999999999999998,2932.091666666667,,68.16833333333334,290.048
1958-01-01,-10.0,-2.9,2906.2740000000003,,66.73,289.888
1958-02-01,-5.766666666666667,-2.6,2912.6423333333337,,66.175,290.865
1958-03-01,-1.5333333333333332,-2.3,2919.010666666667,,65.62,291.842
1958-04-01,2.7,-2.0,2925.3790000000004,,65.065,292.819
1958-05-01,5.0,-1.5666666666666667,2947.942,,67.37633333333333,294.51033333333334
1958-06-01,7.3,-1.1333333333333333,2970.505,,69.68766666666666,296.20166666666665
1958-07-01,9.6,-0.7,2993.0679999999998,,71.999,297.893
1958-08-01,9.633333333333333,0.43333333333333357,3016.4069999999997,,74.66633333333333,299.203
1958-09-01,9.666666666666666,1.566666666666667,3039.746,,77.33366666666667,300.513
1958-10-01,9.7,2.7,3063.085,,80.001,301.823
1958-11-01,9.1,4.266666666666667,3082.7019999999998,,81.056,304.365
1958-12-01,8.5,5.833333333333334,3102.319,,82.111,306.907
1959-01-01,7.9,7.4,3121.9359999999997,,83.166,309.449
1959-02-01,8.366666666666667,7.966666666666667,3145.4173333333333,,85.23766666666667,311.4676666666667
1959-03-01,8.833333333333334,8.533333333333333,3168.8986666666665,,87.30933333333333,313.48633333333333
1959-04-01,9.3,9.1,3192.38,,89.381,315.505
1959-05-01,6.300000000000001,8.3,3193.1376666666665,,87.456,317.245
1959-06-01,3.3000000000000007,7.5,3193.8953333333334,,85.531,318.985
1959-07-01,0.3,6.7,3194.653,,83.60600000000001,320.725
1959-08-01,0.5666666666666667,6.0,3197.688333333333,,84.57866666666668,321.4306666666667
1959-09-01,0.8333333333333333,5.3,3200.7236666666668,,85.55133333333333,322.1363333333333
1959-10-01,1.1,4.6,3203.759,,86.524,322.842
1959-11-01,3.833333333333334,4.7,3227.758333333333,,89.84133333333334,324.016
1959-12-01,6.566666666666668,4.8,3251.757666666667,,93.15866666666666,325.19
1960-01-01,9.3,4.9,3275.757,,96.476,326.36400000000003
1960-02-01,5.5,3.966666666666667,3269.867333333333,,93.34933333333333,328.312
1960-03-01,1.7000000000000002,3.033333333333333,3263.9776666666667,,90.22266666666667,330.26000000000005
1960-04-01,-2.1,2.1,3258.0879999999997,,87.096,332.208
1960-05-01,-0.7333333333333336,2.2333333333333334,3263.4016666666666,,86.85633333333334,332.1806666666667
1960-06-01,0.6333333333333329,2.3666666666666667,3268.7153333333335,,86.61666666666667,332.1533333333333
1960-07-01,2.0,2.5,3274.0290000000005,,86.37700000000001,332.126
1960-08-01,-0.3333333333333335,1.9666666666666668,3260.022333333334,,82.90566666666668,332.75866666666667
1960-09-01,-2.666666666666667,1.4333333333333333,3246.0156666666667,,79.43433333333334,333.3913333333333
1960-10-01,-5.0,0.9,3232.009,,75.96300000000001,334.024
1960-11-01,-2.433333333333333,0.3666666666666667,3239.2813333333334,,76.768,334.1893333333333
1960-12-01,0.13333333333333375,-0.16666666666666663,3246.5536666666662,,77.57300000000001,334.3546666666667
1961-01-01,2.7,-0.7,3253.8259999999996,,78.378,334.52
1961-02-01,4.133333333333334,0.06666666666666665,3272.2369999999996,,80.288,336.16499999999996
1961-03-01,5.566666666666666,0.8333333333333333,3290.648,,82.198,337.81
1961-04-01,7.0,1.6,3309.059,,84.10799999999999,339.455
1961-05-01,7.3,2.066666666666667,3330.233,,86.37766666666666,340.414
1961-06-01,7.6000000000000005,2.533333333333333,3351.4069999999997,,88.64733333333334,341.373
1961-07-01,7.9,3.0,3372.5809999999997,,90.917,342.332
1961-08-01,7.966666666666667,4.133333333333334,3394.6276666666663,,91.58833333333334,344.75233333333335
1961-09-01,8.033333333333333,5.2666666666666675,3416.674333333333,,92.25966666666666,347.17266666666666
1961-10-01,8.1,6.4,3438.7209999999995,,92.931,349.593
1961-11-01,7.833333333333333,6.8,3459.165333333333,,94.64533333333333,351.336
1961-12-01,7.566666666666666,7.2,3479.6096666666667,,96.35966666666667,353.07899999999995
1962-01-01,7.3,7.6,3500.054,,98.074,354.82199999999995
1962-02-01,6.1,7.3,3510.597,,97.618,356.7006666666666
1962-03-01,4.9,7.0,3521.14,,97.162,358.57933333333335
1962-04-01,3.7,6.7,3531.683,,96.706,360.458
1962-05-01,4.133333333333334,6.466666666666667,3546.1453333333334,,97.19066666666667,361.7496666666667
1962-06-01,4.566666666666666,6.233333333333333,3560.607666666667,,97.67533333333333,363.04133333333334
1962-07-01,5.0,6.0,3575.07,,98.16,364.333
1962-08-01,3.7666666666666666,5.433333333333334,3578.989,,97.09599999999999,366.42800000000005
1962-09-01,2.533333333333333,4.866666666666666,3582.9080000000004,,96.032,368.523
1962-10-01,1.3,4.3,3586.827,,94.96799999999999,370.61800000000005
1962-11-01,2.3333333333333335,4.066666666666666,3599.8783333333336,,96.54166666666666,371.8396666666667
1962-12-01,3.366666666666667,3.8333333333333335,3612.9296666666664,,98.11533333333333,373.0613333333334
1963-01-01,4.4,3.6,3625.9809999999998,,99.689,374.283
1963-02-01,4.466666666666667,3.6666666666666665,3639.5436666666665,,100.34266666666666,375.6596666666667
1963-03-01,4.533333333333333,3.7333333333333334,3653.1063333333336,,100.99633333333334,377.03633333333335
1963-04-01,4.6,3.8,3666.6690000000003,,101.65,378.413
1963-05-01,6.1,4.133333333333333,3693.538666666667,,102.63733333333334,380.74
1963-06-01,7.6,4.466666666666667,3720.4083333333333,,103.62466666666667,383.067
1963-07-01,9.1,4.8,3747.278,,104.61200000000001,385.394
1963-08-01,6.933333333333334,4.933333333333334,3755.4669999999996,,105.471,386.9456666666667
1963-09-01,4.766666666666667,5.066666666666666,3763.656,,106.33,388.49733333333336
1963-10-01,2.6,5.2,3771.845,,107.189,390.04900000000004
1963-11-01,4.633333333333333,5.533333333333333,3798.352,,108.28399999999999,393.22633333333334
1963-12-01,6.666666666666666,5.866666666666667,3824.859,,109.37899999999999,396.40366666666665
1964-01-01,8.7,6.2,3851.366,,110.47399999999999,399.58099999999996
1964-02-01,7.266666666666667,6.2,3865.3426666666664,,110.48866666666666,402.23266666666666
1964-03-01,5.833333333333334,6.2,3879.3193333333334,,110.50333333333332,404.8843333333333
1964-04-01,4.4,6.2,3893.296,,110.51799999999999,407.536
1964-05-01,5.066666666666667,5.966666666666667,3913.571,,111.22233333333332,410.498
1964-06-01,5.733333333333333,5.733333333333333,3933.8459999999995,,111.92666666666666,413.46
1964-07-01,6.4,5.5,3954.1209999999996,,112.631,416.42199999999997
1964-08-01,4.666666666666667,5.4,3958.192333333333,,113.41533333333334,417.277
1964-09-01,2.9333333333333336,5.3,3962.2636666666667,,114.19966666666666,418.13199999999995
1964-10-01,1.2,5.2,3966.335,,114.984,418.98699999999997
1964-11-01,4.133333333333334,5.3,3998.3269999999998,,118.83666666666666,422.56166666666667
1964-12-01,7.066666666666667,5.4,4030.319,,122.68933333333334,426.1363333333333
1965-01-01,10.0,5.5,4062.3109999999997,,126.542,429.711
1965-02-01,8.366666666666667,5.566666666666666,4079.417,,126.712,432.02133333333336
1965-03-01,6.7333333333333325,5.633333333333334,4096.523,,126.882,434.33166666666665
1965-04-01,5.1,5.7,4113.629,,127.052,436.642
1965-05-01,6.466666666666666,5.9,4144.114666666666,,128.447,439.696
1965-06-01,7.833333333333332,6.1,4174.600333333333,,129.84199999999998,442.75
1965-07-01,9.2,6.3,4205.085999999999,,131.237,445.80400000000003
1965-08-01,9.299999999999999,7.033333333333333,4237.381666666666,,132.07533333333333,450.44800000000004
1965-09-01,9.4,7.766666666666667,4269.677333333333,,132.91366666666667,455.092
1965-10-01,9.5,8.5,4301.973,,133.752,459.736
1965-11-01,9.7,8.5,4336.879666666667,,137.23466666666667,463.20266666666663
1965-12-01,9.9,8.5,4371.7863333333335,,140.71733333333333,466.6693333333333
1966-01-01,10.1,8.5,4406.693,40.33999,144.2,470.13599999999997
1966-02-01,7.199999999999999,8.166666666666666,4411.711,39.98253666666667,143.96699999999998,471.82033333333334
1966-03-01,4.3,7.833333333333333,4416.729,39.62508333333333,143.734,473.50466666666665
1966-04-01,1.4,7.5,4421.747,39.26763,143.501,475.189
1966-05-01,2.0666666666666664,7.0,4434.229666666667,39.385389999999994,143.39866666666666,478.223
1966-06-01,2.7333333333333334,6.5,4446.712333333333,39.50315,143.29633333333334,481.257
1966-07-01,3.4,6.0,4459.195,39.620909999999995,143.194,484.291
1966-08-01,3.3666666666666667,5.5,4471.389,39.587196666666664,144.081,486.214
1966-09-01,3.333333333333333,5.0,4483.583,39.55348333333333,144.968,488.137
1966-10-01,3.3,4.5,4495.777,39.51977,145.855,490.06
1966-11-01,3.4,3.966666666666667,4509.048333333333,39.414456666666666,144.84033333333332,491.479
1966-12-01,3.5,3.4333333333333336,4522.319666666666,39.30914333333333,143.82566666666668,492.89799999999997
1967-01-01,3.6,2.9,4535.590999999999,39.203829999999996,142.811,494.31699999999995
1967-02-01,2.466666666666667,2.8,4536.517333333333,38.81352666666667,141.03900000000002,497.364
1967-03-01,1.3333333333333335,2.7,4537.443666666666,38.42322333333333,139.267,500.411
1967-04-01,0.2,2.6,4538.37,38.032920000000004,137.495,503.458
1967-05-01,1.4,2.6333333333333333,4552.683,38.29576333333333,139.275,505.8776666666667
1967-06-01,2.6,2.666666666666667,4566.996,38.55860666666667,141.055,508.2973333333333
1967-07-01,3.8,2.7,4581.309,38.82145,142.835,510.717
1967-08-01,3.533333333333333,2.7,4592.823666666667,38.91507,144.441,513.2276666666667
1967-09-01,3.2666666666666666,2.7,4604.338333333333,39.008689999999994,146.047,515.7383333333333
1967-10-01,3.0,2.7,4615.853,39.102309999999996,147.653,518.249
1967-11-01,4.8,3.066666666666667,4647.233,38.87804333333333,149.19799999999998,524.265
1967-12-01,6.6,3.433333333333333,4678.612999999999,38.653776666666666,150.743,530.2810000000001
1968-01-01,8.4,3.8,4709.9929999999995,38.42951,152.28799999999998,536.297
1968-02-01,7.9,4.366666666666666,4736.224666666666,37.940936666666666,154.50633333333332,540.8693333333333
1968-03-01,7.4,4.933333333333334,4762.4563333333335,37.45236333333334,156.72466666666665,545.4416666666667
1968-04-01,6.9,5.5,4788.688,36.96379,158.94299999999998,550.014
1968-05-01,5.633333333333334,5.433333333333334,4801.058333333333,37.07885,157.8563333333333,555.3833333333333
1968-06-01,4.366666666666667,5.366666666666666,4813.428666666667,37.19391,156.76966666666667,560.7526666666666
1968-07-01,3.1,5.3,4825.799,37.30897,155.683,566.122
1968-08-01,2.6,5.2,4832.125666666667,37.20108666666667,157.37533333333332,569.0736666666667
1968-09-01,2.1,5.1,4838.452333333334,37.093203333333335,159.06766666666667,572.0253333333333
1968-10-01,1.6,5.0,4844.779,36.98532,160.76,574.977
1968-11-01,3.2,4.833333333333333,4870.0543333333335,36.72213666666667,164.636,578.9863333333333
1968-12-01,4.800000000000001,4.666666666666667,4895.3296666666665,36.45895333333333,168.512,582.9956666666667
1969-01-01,6.4,4.5,4920.605,36.19577,172.388,587.005
1969-02-01,4.666666666666667,4.033333333333333,4925.591333333333,35.78852333333334,172.499,590.7823333333333
1969-03-01,2.9333333333333336,3.566666666666667,4930.577666666667,35.381276666666665,172.60999999999999,594.5596666666667
1969-04-01,1.2,3.1,4935.564,34.97403,172.72099999999998,598.337
1969-05-01,1.7000000000000002,3.066666666666667,4946.430666666667,34.98917333333333,174.33533333333332,601.7666666666667
1969-06-01,2.2,3.033333333333333,4957.297333333334,35.00431666666666,175.94966666666667,605.1963333333333
1969-07-01,2.7,3.0,4968.164000000001,35.019459999999995,177.56400000000002,608.626
1969-08-01,1.166666666666667,2.6666666666666665,4960.087666666667,35.169486666666664,175.567,612.6126666666667
1969-09-01,-0.36666666666666625,2.3333333333333335,4952.011333333334,35.31951333333333,173.57,616.5993333333333
1969-10-01,-1.9,2.0,4943.935,35.46954,171.57299999999998,620.586
1969-11-01,-1.4666666666666666,1.4333333333333333,4941.488,35.44262333333334,170.41966666666664,624.2856666666667
1969-12-01,-1.0333333333333332,0.8666666666666667,4939.041,35.415706666666665,169.26633333333334,627.9853333333333
1970-01-01,-0.6,0.3,4936.594,35.38879,168.113,631.685
1970-02-01,-0.2,0.26666666666666666,4938.9293333333335,35.15029,169.227,634.98
1970-03-01,0.19999999999999996,0.23333333333333334,4941.264666666667,34.91179,170.341,638.275
1970-04-01,0.6,0.2,4943.6,34.67329,171.455,641.57
1970-05-01,1.6333333333333333,0.26666666666666666,4958.7863333333335,34.73791666666667,172.27133333333336,645.5406666666667
1970-06-01,2.666666666666667,0.33333333333333337,4973.9726666666675,34.80254333333333,173.08766666666668,649.5113333333334
1970-07-01,3.7,0.4,4989.159000000001,34.86717,173.90400000000002,653.482
1970-08-01,1.0666666666666669,0.19999999999999998,4971.337,35.160853333333336,171.5206666666667,655.7083333333334
1970-09-01,-1.5666666666666664,-5.551115123125783e-17,4953.515,35.45453666666667,169.13733333333334,657.9346666666667
1970-10-01,-4.2,-0.2,4935.693,35.74822,166.75400000000002,660.1610000000001
1970-11-01,0.9666666666666668,0.7666666666666668,4980.377333333334,35.33329666666667,174.33433333333335,666.5026666666668
1970-12-01,6.133333333333334,1.7333333333333336,5025.0616666666665,34.918373333333335,181.91466666666668,672.8443333333333
1971-01-01,11.3,2.7,5069.746,34.50345,189.495,679.186
1971-02-01,8.266666666666667,2.8333333333333335,5078.890333333334,34.45593,192.10633333333334,683.8656666666667
1971-03-01,5.233333333333333,2.966666666666667,5088.034666666666,34.40841,194.71766666666667,688.5453333333334
1971-04-01,2.2,3.1,5097.179,34.360890000000005,197.329,693.225
1971-05-01,2.566666666666667,3.066666666666667,5111.162,34.576240000000006,198.90533333333335,697.3496666666666
1971-06-01,2.933333333333333,3.033333333333333,5125.1449999999995,34.79159,200.48166666666665,701.4743333333333
1971-07-01,3.3,3.0,5139.128,35.00694,202.058,705.5989999999999
1971-08-01,2.5,3.466666666666667,5143.1669999999995,35.21541666666667,200.84233333333333,710.9789999999999
1971-09-01,1.7,3.9333333333333336,5147.206,35.42389333333333,199.62666666666664,716.3589999999999
1971-10-01,0.9,4.4,5151.245,35.63237,198.41099999999997,721.7389999999999
1971-11-01,3.133333333333333,4.1000000000000005,5182.821333333333,35.33032,203.26333333333332,727.4753333333333
1971-12-01,5.366666666666666,3.8000000000000003,5214.397666666667,35.02827,208.11566666666664,733.2116666666666
1972-01-01,7.6,3.5,5245.974,34.72622,212.968,738.948
1972-02-01,8.2,4.1,5285.664333333333,34.37542333333333,217.578,745.0866666666666
1972-03-01,8.8,4.7,5325.354666666667,34.02462666666667,222.188,751.2253333333333
1972-04-01,9.4,5.3,5365.045,33.67383,226.798,757.3639999999999
1972-05-01,7.533333333333333,5.333333333333333,5381.934,33.65737666666667,228.89533333333333,763.5089999999999
1972-06-01,5.666666666666666,5.366666666666667,5398.822999999999,33.64092333333333,230.99266666666668,769.654
1972-07-01,3.8,5.4,5415.7119999999995,33.62447,233.09,775.799
1972-08-01,4.833333333333333,5.9,5445.94,33.665506666666666,235.29833333333335,784.0333333333333
1972-09-01,5.866666666666667,6.4,5476.168,33.706543333333336,237.50666666666666,792.2676666666666
1972-10-01,6.9,6.9,5506.396,33.74758,239.715,800.502
1972-11-01,8.033333333333333,7.133333333333334,5551.820333333333,33.59601,244.581,808.6703333333332
1972-12-01,9.166666666666668,7.366666666666666,5597.2446666666665,33.44444,249.447,816.8386666666667
1973-01-01,10.3,7.6,5642.669,33.29287,254.313,825.007
1973-02-01,8.333333333333334,7.166666666666666,5663.145333333334,32.9768,258.94066666666663,830.1803333333332
1973-03-01,6.366666666666667,6.733333333333333,5683.621666666667,32.66073,263.5683333333333,835.3536666666666
1973-04-01,4.4,6.3,5704.098000000001,32.34466,268.19599999999997,840.5269999999999
1973-05-01,2.233333333333334,5.8,5694.098666666668,32.27129,266.909,846.6436666666666
1973-06-01,0.06666666666666732,5.3,5684.099333333334,32.197919999999996,265.62199999999996,852.7603333333333
1973-07-01,-2.1,4.8,5674.1,32.12455,264.335,858.877
1973-08-01,-0.1333333333333333,4.533333333333333,5692.053333333333,32.00763,269.8426666666667,863.8803333333333
1973-09-01,1.8333333333333335,4.266666666666667,5710.006666666667,31.890710000000002,275.3503333333333,868.8836666666666
1973-10-01,3.8,4.0,5727.96,31.77379,280.858,873.887
1973-11-01,1.4,2.8666666666666667,5711.544333333333,31.770690000000002,276.69233333333335,879.8806666666667
1973-12-01,-1.0,1.7333333333333334,5695.128666666667,31.767590000000002,272.52666666666664,885.8743333333333
1974-01-01,-3.4,0.6,5678.713000000001,31.764490000000002,268.361,891.868
1974-02-01,-1.9333333333333331,0.3333333333333333,5683.212,31.50786666666667,271.371,901.3860000000001
1974-03-01,-0.46666666666666634,0.06666666666666665,5687.711,31.251243333333335,274.381,910.904
1974-04-01,1.0,-0.2,5692.21,30.99462,277.39099999999996,920.422
1974-05-01,-0.5666666666666667,-0.33333333333333337,5674.277,30.950643333333336,275.265,930.0400000000001
1974-06-01,-2.1333333333333333,-0.4666666666666667,5656.344,30.906666666666666,273.13899999999995,939.658
1974-07-01,-3.7,-0.6,5638.411,30.86269,271.013,949.2760000000001
1974-08-01,-2.966666666666667,-1.0333333333333332,5631.116,30.84102,274.455,952.5436666666667
1974-09-01,-2.2333333333333334,-1.4666666666666666,5623.821,30.81935,277.897,955.8113333333333
1974-10-01,-1.5,-1.9,5616.526,30.79768,281.339,959.079
1974-11-01,-2.5999999999999996,-2.033333333333333,5593.736,31.0438,268.99466666666666,967.7826666666666
1974-12-01,-3.6999999999999997,-2.1666666666666665,5570.946,31.289920000000002,256.6503333333333,976.4863333333334
1975-01-01,-4.8,-2.3,5548.156,31.536040000000003,244.30599999999998,985.19
1975-02-01,-2.2333333333333334,-2.1333333333333333,5561.370666666667,31.78341666666667,243.96433333333331,994.654
1975-03-01,0.33333333333333304,-1.9666666666666666,5574.585333333333,32.030793333333335,243.62266666666665,1004.118
1975-04-01,2.9,-1.8,5587.8,32.27817,243.28099999999998,1013.582
1975-05-01,4.266666666666667,-0.9333333333333333,5619.681333333334,32.31225666666667,250.58466666666666,1024.7853333333333
1975-06-01,5.633333333333333,-0.06666666666666665,5651.562666666667,32.34634333333333,257.8883333333333,1035.9886666666666
1975-07-01,7.0,0.8,5683.444,32.38043,265.192,1047.192
1975-08-01,6.5,1.4,5708.953333333334,32.496986666666665,268.87333333333333,1056.869
1975-09-01,6.0,2.0,5734.462666666666,32.61354333333333,272.55466666666666,1066.546
1975-10-01,5.5,2.6,5759.972,32.7301,276.236,1076.223
1975-11-01,6.766666666666667,3.8,5803.148,32.81511,285.7033333333333,1087.4513333333334
1975-12-01,8.033333333333333,5.0,5846.324,32.90012,295.17066666666665,1098.6796666666667
1976-01-01,9.3,6.2,5889.5,32.98513,304.638,1109.9080000000001
1976-02-01,7.200000000000001,6.2,5903.903666666666,33.15496666666667,310.5263333333333,1116.452
1976-03-01,5.1000000000000005,6.2,5918.307333333333,33.324803333333335,316.4146666666667,1122.996
1976-04-01,3.0,6.2,5932.710999999999,33.494640000000004,322.303,1129.54
1976-05-01,2.7333333333333334,5.8,5943.562333333333,33.544203333333336,324.3043333333333,1139.2953333333332
1976-06-01,2.466666666666667,5.4,5954.413666666666,33.59376666666667,326.30566666666664,1149.0506666666668
1976-07-01,2.2,5.0,5965.265,33.64333,328.30699999999996,1158.806
1976-08-01,2.4333333333333336,4.766666666666667,5979.678,33.69139666666666,331.4213333333333,1170.0066666666667
1976-09-01,2.6666666666666665,4.533333333333333,5994.091,33.73946333333333,334.53566666666666,1181.2073333333335
1976-10-01,2.9,4.3,6008.504,33.78753,337.65,1192.4080000000001
1976-11-01,3.533333333333333,3.933333333333333,6032.167333333334,33.74214,345.20433333333335,1204.3426666666667
1976-12-01,4.166666666666666,3.566666666666667,6055.830666666667,33.696749999999994,352.75866666666667,1216.2773333333334
1977-01-01,4.8,3.2,6079.494000000001,33.65136,360.31300000000005,1228.212
1977-02-01,5.866666666666666,3.6333333333333333,6118.891333333334,33.36898,370.1096666666667,1237.468
1977-03-01,6.933333333333334,4.066666666666666,6158.288666666666,33.0866,379.90633333333335,1246.724
1977-04-01,8.0,4.5,6197.686,32.80422,389.70300000000003,1255.98
1977-05-01,7.8,4.933333333333334,6234.9619999999995,32.86545,397.8466666666667,1266.2883333333334
1977-06-01,7.6000000000000005,5.366666666666666,6272.238,32.92668,405.99033333333335,1276.5966666666666
1977-07-01,7.4,5.8,6309.514,32.98791,414.134,1286.905
1977-08-01,4.933333333333334,5.533333333333333,6309.5599999999995,33.06485,416.8556666666667,1299.538
1977-09-01,2.466666666666667,5.266666666666667,6309.606,33.14179,419.57733333333334,1312.1709999999998
1977-10-01,0.0,5.0,6309.651999999999,33.21873,422.29900000000004,1324.8039999999999
1977-11-01,0.43333333333333335,4.7,6316.365,33.312886666666664,426.4656666666667,1334.5536666666665
1977-12-01,0.8666666666666667,4.3999999999999995,6323.0779999999995,33.407043333333334,430.63233333333335,1344.3033333333333
1978-01-01,1.3,4.1,6329.791,33.5012,434.79900000000004,1354.0529999999999
1978-02-01,6.333333333333332,4.766666666666667,6411.3240000000005,33.04228,446.7273333333334,1373.1636666666666
1978-03-01,11.366666666666665,5.433333333333333,6492.857,32.58336,458.65566666666666,1392.2743333333333
1978-04-01,16.4,6.1,6574.39,32.12444,470.584,1411.385
1978-05-01,12.299999999999999,5.8,6596.425666666667,32.154316666666666,477.8453333333334,1421.6623333333334
1978-06-01,8.2,5.5,6618.461333333333,32.18419333333333,485.1066666666667,1431.9396666666667
1978-07-01,4.1,5.2,6640.496999999999,32.21407,492.36800000000005,1442.217
1978-08-01,4.566666666666666,5.7,6670.249666666667,32.09673333333333,500.1636666666667,1455.2626666666667
1978-09-01,5.033333333333333,6.2,6700.002333333333,31.979396666666663,507.95933333333335,1468.3083333333334
1978-10-01,5.5,6.7,6729.755,31.862059999999996,515.755,1481.354
1978-11-01,3.9000000000000004,6.633333333333334,6733.7880000000005,31.753376666666664,519.1063333333333,1493.2830000000001
1978-12-01,2.3000000000000003,6.566666666666666,6737.821,31.64469333333333,522.4576666666667,1505.212
1979-01-01,0.7,6.5,6741.854,31.536009999999997,525.809,1517.141
1979-02-01,0.6,5.233333333333333,6744.2570000000005,31.378263333333333,530.3036666666667,1530.6390000000001
1979-03-01,0.5,3.966666666666667,6746.66,31.220516666666665,534.7983333333333,1544.137
1979-04-01,0.4,2.7,6749.063,31.06277,539.293,1557.635
1979-05-01,1.2666666666666666,2.6,6765.775333333333,31.03652,541.4023333333333,1575.7123333333334
1979-06-01,2.1333333333333333,2.5,6782.487666666667,31.010270000000002,543.5116666666667,1593.7896666666668
1979-07-01,3.0,2.4,6799.2,30.98402,545.621,1611.8670000000002
1979-08-01,2.3333333333333335,2.033333333333333,6804.867666666667,30.998063333333334,546.3723333333334,1626.2563333333335
1979-09-01,1.6666666666666667,1.6666666666666665,6810.535333333333,31.012106666666668,547.1236666666666,1640.6456666666668
1979-10-01,1.0,1.3,6816.203,31.02615,547.875,1655.035
1979-11-01,1.1,1.3333333333333333,6823.349,31.00070666666667,550.104,1670.7906666666668
1979-12-01,1.2,1.3666666666666667,6830.495,30.975263333333334,552.333,1686.5463333333335
1980-01-01,1.3,1.4,6837.641,30.949820000000003,554.562,1702.3020000000001
1980-02-01,-1.8,0.6666666666666665,6790.678333333333,31.09089,542.806,1703.1090000000002
1980-03-01,-4.9,-0.06666666666666687,6743.715666666667,31.23196,531.05,1703.916
1980-04-01,-8.0,-0.8,6696.753000000001,31.37303,519.294,1704.723
1980-05-01,-5.5,-1.0666666666666667,6694.1,31.507643333333334,511.2196666666666,1724.4056666666665
1980-06-01,-3.0,-1.3333333333333335,6691.447,31.64225666666667,503.1453333333333,1744.0883333333334
1980-07-01,-0.5,-1.6,6688.794,31.776870000000002,495.07099999999997,1763.771
1980-08-01,2.233333333333333,-1.0666666666666669,6730.374333333333,31.57024666666667,513.8713333333333,1786.472
1980-09-01,4.966666666666666,-0.5333333333333334,6771.9546666666665,31.363623333333333,532.6716666666666,1809.173
1980-10-01,7.7,0.0,6813.535,31.157,551.472,1831.874
1980-11-01,7.833333333333333,0.5333333333333333,6858.037333333333,31.06228,574.1083333333333,1849.8273333333334
1980-12-01,7.966666666666667,1.0666666666666667,6902.539666666667,30.967560000000002,596.7446666666666,1867.7806666666665
1981-01-01,8.1,1.6,6947.0419999999995,30.872840000000004,619.381,1885.734
1981-02-01,4.433333333333334,2.066666666666667,6929.880999999999,30.818143333333335,616.2016666666667,1896.3306666666665
1981-03-01,0.7666666666666666,2.533333333333333,6912.72,30.763446666666667,613.0223333333333,1906.9273333333333
1981-04-01,-2.9,3.0,6895.559,30.70875,609.8430000000001,1917.524
1981-05-01,-0.2999999999999998,3.433333333333333,6923.084333333333,30.67361,623.9943333333334,1931.049
1981-06-01,2.3000000000000003,3.8666666666666667,6950.609666666667,30.638469999999998,638.1456666666667,1944.5739999999998
1981-07-01,4.9,4.3,6978.135,30.60333,652.297,1958.099
1981-08-01,1.833333333333334,3.3,6952.791666666667,30.854176666666667,649.3296666666666,1963.5483333333334
1981-09-01,-1.2333333333333325,2.3,6927.448333333333,31.10502333333333,646.3623333333334,1968.9976666666666
1981-10-01,-4.3,1.3,6902.105,31.35587,643.395,1974.4470000000001
1981-11-01,-4.8999999999999995,0.1333333333333333,6866.362666666667,31.70824,625.036,1987.683
1981-12-01,-5.5,-1.0333333333333334,6830.620333333333,32.06061,606.677,2000.919
1982-01-01,-6.1,-2.2,6794.878000000001,32.41298,588.318,2014.155
1982-02-01,-3.4666666666666663,-1.8,6805.210666666667,32.40936333333333,590.0856666666666,2022.6516666666666
1982-03-01,-0.833333333333333,-1.4,6815.543333333334,32.405746666666666,591.8533333333334,2031.1483333333333
1982-04-01,1.8,-1.0,6825.876,32.40213,593.621,2039.645
1982-05-01,0.7000000000000002,-1.5333333333333332,6817.1776666666665,32.90985333333333,593.3986666666667,2054.987
1982-06-01,-0.3999999999999997,-2.0666666666666664,6808.479333333334,33.41757666666667,593.1763333333333,2070.329
1982-07-01,-1.5,-2.6,6799.781,33.9253,592.9540000000001,2085.6710000000003
1982-08-01,-0.9333333333333333,-2.2,6800.686333333333,34.344053333333335,578.3833333333333,2105.632
1982-09-01,-0.3666666666666667,-1.7999999999999998,6801.591666666666,34.76280666666666,563.8126666666667,2125.5930000000003
1982-10-01,0.2,-1.4,6802.496999999999,35.18156,549.242,2145.554
1982-11-01,1.9333333333333333,-0.4666666666666667,6832.379333333333,35.39741,554.668,2158.565666666667
1982-12-01,3.666666666666667,0.46666666666666656,6862.261666666666,35.61326,560.0939999999999,2171.577333333333
1983-01-01,5.4,1.4,6892.144,35.82911,565.52,2184.589
1983-02-01,6.733333333333333,2.033333333333333,6944.423333333333,36.17663,581.6076666666667,2206.2053333333333
1983-03-01,8.066666666666666,2.6666666666666665,6996.702666666667,36.52415,597.6953333333333,2227.8216666666667
1983-04-01,9.4,3.3,7048.982,36.87167,613.783,2249.438
1983-05-01,9.0,4.1,7095.953333333333,37.024813333333334,626.6116666666667,2272.9236666666666
1983-06-01,8.6,4.9,7142.924666666667,37.17795666666667,639.4403333333333,2296.4093333333335
1983-07-01,8.2,5.7,7189.896,37.3311,652.269,2319.895
1983-08-01,8.333333333333332,6.433333333333334,7239.8949999999995,37.27924333333333,674.3446666666667,2337.4286666666667
1983-09-01,8.466666666666667,7.166666666666667,7289.894,37.22738666666667,696.4203333333334,2354.9623333333334
1983-10-01,8.6,7.9,7339.893,37.17553,718.4960000000001,2372.496
1983-11-01,8.433333333333334,8.133333333333333,7387.719,37.26851,742.6213333333334,2387.719
1983-12-01,8.266666666666666,8.366666666666667,7435.545,37.36149,766.7466666666667,2402.942
1984-01-01,8.1,8.6,7483.371,37.45447,790.872,2418.165
1984-02-01,7.766666666666667,8.4,7526.47,37.54527,800.2126666666666,2437.402
1984-03-01,7.433333333333333,8.2,7569.569,37.63607,809.5533333333333,2456.639
1984-04-01,7.1,8.0,7612.668000000001,37.72687,818.8939999999999,2475.876
1984-05-01,6.033333333333333,7.633333333333334,7637.131666666667,37.9832,825.5466666666666,2488.425
1984-06-01,4.966666666666667,7.266666666666667,7661.595333333334,38.23953,832.1993333333332,2500.9739999999997
1984-07-01,3.9,6.9,7686.059,38.49586,838.852,2513.5229999999997
1984-08-01,3.6999999999999997,6.466666666666667,7707.089666666667,39.02573,836.4816666666667,2529.614333333333
1984-09-01,3.5,6.033333333333333,7728.120333333333,39.5556,834.1113333333334,2545.7056666666667
1984-10-01,3.3,5.6,7749.151,40.08547,831.7410000000001,2561.797
1984-11-01,3.5,5.266666666666667,7774.183,40.20405,824.4490000000001,2586.534
1984-12-01,3.6999999999999997,4.933333333333333,7799.214999999999,40.32263,817.157,2611.2709999999997
1985-01-01,3.9,4.6,7824.246999999999,40.44121,809.865,2636.008
1985-02-01,3.8,4.3,7847.209999999999,40.73408333333333,815.59,2651.2599999999998
1985-03-01,3.7,4.0,7870.173,41.02695666666666,821.3149999999999,2666.512
1985-04-01,3.6,3.7,7893.1359999999995,41.319829999999996,827.04,2681.764
1985-05-01,4.466666666666667,3.9,7933.315333333333,41.39958333333333,825.4123333333333,2705.892
1985-06-01,5.333333333333334,4.1,7973.4946666666665,41.47933666666667,823.7846666666666,2730.02
1985-07-01,6.2,4.3,8013.674,41.559090000000005,822.1569999999999,2754.1479999999997
1985-08-01,5.133333333333334,4.266666666666667,8033.529,42.30177666666667,834.6196666666666,2762.565333333333
1985-09-01,4.066666666666666,4.233333333333333,8053.384,43.04446333333333,847.0823333333333,2770.982666666667
1985-10-01,3.0,4.2,8073.2390000000005,43.78715,859.545,2779.4
1985-11-01,3.2666666666666666,4.166666666666667,8098.360333333334,43.88281666666666,860.8489999999999,2794.1493333333333
1985-12-01,3.533333333333333,4.133333333333333,8123.481666666667,43.97848333333334,862.153,2808.8986666666665
1986-01-01,3.8,4.1,8148.603,44.07415,863.457,2823.6479999999997
1986-02-01,3.1333333333333333,3.9666666666666663,8160.836333333334,44.485040000000005,860.717,2832.917333333333
1986-03-01,2.466666666666667,3.8333333333333335,8173.069666666667,44.89593,857.977,2842.1866666666665
1986-04-01,1.8,3.7,8185.303000000001,45.30682,855.237,2851.4559999999997
1986-05-01,2.5,3.5,8211.415,45.57966666666667,848.7686666666666,2873.3709999999996
1986-06-01,3.1999999999999997,3.3000000000000003,8237.527000000002,45.852513333333334,842.3003333333334,2895.2859999999996
1986-07-01,3.9,3.1,8263.639000000001,46.12536,835.832,2917.2009999999996
1986-08-01,3.3333333333333335,3.033333333333333,8278.433,46.601193333333335,837.909,2929.0696666666663
1986-09-01,2.7666666666666666,2.966666666666667,8293.227,47.07702666666666,839.986,2940.9383333333335
1986-10-01,2.2,2.9,8308.021,47.552859999999995,842.063,2952.8070000000002
1986-11-01,2.466666666666667,2.8333333333333335,8328.657333333334,47.56135666666666,851.774,2963.0423333333333
1986-12-01,2.7333333333333334,2.7666666666666666,8349.293666666666,47.569853333333334,861.485,2973.277666666667
1987-01-01,3.0,2.7,8369.93,47.57835,871.196,2983.513
1987-02-01,3.466666666666667,2.9333333333333336,8400.031,47.735123333333334,872.3266666666667,3006.7853333333333
1987-03-01,3.9333333333333336,3.1666666666666665,8430.132,47.89189666666667,873.4573333333334,3030.0576666666666
1987-04-01,4.4,3.4,8460.233,48.04867,874.5880000000001,3053.33
1987-05-01,4.1000000000000005,3.3666666666666667,8484.700333333334,48.07128,875.214,3074.6726666666664
1987-06-01,3.8000000000000003,3.333333333333333,8509.167666666666,48.09389,875.84,3096.0153333333333
1987-07-01,3.5,3.3,8533.635,48.1165,876.466,3117.3579999999997
1987-08-01,4.666666666666667,3.6999999999999997,8582.477333333334,48.263223333333336,899.797,3128.544
1987-09-01,5.833333333333334,4.1,8631.319666666666,48.40994666666667,923.1279999999999,3139.7299999999996
1987-10-01,7.0,4.5,8680.162,48.556670000000004,946.459,3150.9159999999997
1987-11-01,5.366666666666666,4.4,8695.11,48.71495,933.829,3177.909333333333
1987-12-01,3.733333333333333,4.3,8710.057999999999,48.87323,921.199,3204.9026666666664
1988-01-01,2.1,4.2,8725.006,49.03151,908.569,3231.8959999999997
1988-02-01,3.2,4.3,8763.217666666666,49.050153333333334,917.221,3251.836
1988-03-01,4.300000000000001,4.4,8801.429333333333,49.068796666666664,925.8729999999999,3271.776
1988-04-01,5.4,4.5,8839.641,49.08744,934.525,3291.716
1988-05-01,4.4,4.4,8856.905666666666,49.14406666666667,937.0196666666666,3315.1103333333335
1988-06-01,3.4,4.3,8874.170333333333,49.200693333333334,939.5143333333333,3338.5046666666667
1988-07-01,2.4,4.2,8891.435,49.25732,942.0089999999999,3361.8990000000003
1988-08-01,3.4000000000000004,4.066666666666666,8930.927666666666,49.41004,948.9219999999999,3386.1123333333335
1988-09-01,4.4,3.933333333333333,8970.420333333333,49.56276,955.835,3410.325666666667
1988-10-01,5.4,3.8,9009.913,49.71548,962.748,3434.539
1988-11-01,4.966666666666667,3.9666666666666663,9040.444666666666,49.72124,976.9943333333333,3453.0833333333335
1988-12-01,4.533333333333333,4.133333333333333,9070.976333333334,49.727,991.2406666666667,3471.6276666666668
1989-01-01,4.1,4.3,9101.508,49.73276,1005.487,3490.172
1989-02-01,3.7666666666666666,4.1,9124.664333333332,49.784373333333335,1004.007,3511.3703333333333
1989-03-01,3.433333333333333,3.9,9147.820666666667,49.83598666666666,1002.527,3532.568666666667
1989-04-01,3.1,3.7,9170.976999999999,49.8876,1001.047,3553.7670000000003
1989-05-01,3.066666666666667,3.7666666666666666,9193.625666666667,49.982123333333334,999.518,3572.311
1989-06-01,3.033333333333333,3.8333333333333335,9216.274333333333,50.07664666666667,997.989,3590.8550000000005
1989-07-01,3.0,3.9,9238.923,50.171170000000004,996.46,3609.3990000000003
1989-08-01,2.2666666666666666,3.5,9244.991333333333,50.57448333333333,996.243,3624.1633333333334
1989-09-01,1.5333333333333332,3.1,9251.059666666668,50.97779666666667,996.026,3638.927666666667
1989-10-01,0.8,2.7,9257.128,51.38111,995.809,3653.692
1989-11-01,2.0,2.7333333333333334,9290.848333333333,51.576926666666665,1000.8186666666667,3681.7773333333334
1989-12-01,3.2,2.7666666666666666,9324.568666666668,51.77274333333333,1005.8283333333334,3709.8626666666664
1990-01-01,4.4,2.8,9358.289,51.96856,1010.8380000000001,3737.948
1990-02-01,3.4333333333333336,2.6666666666666665,9369.609666666667,52.228139999999996,1012.1320000000001,3753.1056666666664
1990-03-01,2.466666666666667,2.533333333333333,9380.930333333334,52.48772,1013.426,3768.2633333333333
1990-04-01,1.5,2.4,9392.251,52.7473,1014.72,3783.421
1990-05-01,1.1,2.1666666666666665,9394.333666666667,53.08257666666667,1010.075,3804.5139999999997
1990-06-01,0.7000000000000001,1.9333333333333333,9396.416333333333,53.41785333333334,1005.43,3825.607
1990-07-01,0.3,1.7,9398.499,53.753130000000006,1000.785,3846.7
1990-08-01,-1.0,1.3333333333333333,9369.978333333333,54.51413000000001,983.0076666666666,3853.7696666666666
1990-09-01,-2.3000000000000003,0.9666666666666666,9341.457666666667,55.275130000000004,965.2303333333333,3860.8393333333333
1990-10-01,-3.6,0.6,9312.937,56.03613000000001,947.453,3867.909
1990-11-01,-3.033333333333333,0.06666666666666665,9298.413666666667,56.49626000000001,939.8249999999999,3869.7933333333335
1990-12-01,-2.466666666666667,-0.4666666666666667,9283.890333333333,56.95639,932.197,3871.6776666666665
1991-01-01,-1.9,-1.0,9269.367,57.41652,924.569,3873.562
1991-02-01,-0.19999999999999996,-0.8333333333333334,9293.458666666667,57.52618333333333,925.2263333333333,3891.352
1991-03-01,1.5,-0.6666666666666667,9317.550333333333,57.635846666666666,925.8836666666667,3909.1420000000003
1991-04-01,3.2,-0.5,9341.642,57.745509999999996,926.541,3926.9320000000002
1991-05-01,2.8000000000000003,-0.3666666666666667,9357.376333333334,58.184083333333334,933.5193333333334,3942.3776666666668
1991-06-01,2.4,-0.23333333333333334,9373.110666666666,58.622656666666664,940.4976666666668,3957.8233333333337
1991-07-01,2.0,-0.1,9388.845,59.06123,947.4760000000001,3973.2690000000002
1991-08-01,1.8,0.33333333333333337,9399.751666666667,59.60281666666667,957.9133333333334,3982.19
1991-09-01,1.5999999999999999,0.7666666666666667,9410.658333333333,60.14440333333334,968.3506666666667,3991.1110000000003
1991-10-01,1.4,1.2,9421.565,60.685990000000004,978.788,4000.032
1991-11-01,2.5666666666666664,1.7666666666666666,9459.158666666666,60.789590000000004,971.4643333333333,4033.4883333333332
1991-12-01,3.7333333333333334,2.333333333333333,9496.752333333334,60.893190000000004,964.1406666666667,4066.9446666666668
1992-01-01,4.9,2.9,9534.346,60.996790000000004,956.817,4100.401
1992-02-01,4.733333333333333,3.0,9568.807999999999,61.190986666666674,975.5726666666667,4118.8206666666665
1992-03-01,4.566666666666667,3.1,9603.27,61.38518333333334,994.3283333333333,4137.240333333333
1992-04-01,4.4,3.2,9637.732,61.57938000000001,1013.084,4155.66
1992-05-01,4.266666666666667,3.3666666666666667,9669.481,61.68559333333334,1016.7766666666666,4179.430333333333
1992-06-01,4.133333333333334,3.5333333333333337,9701.23,61.791806666666666,1020.4693333333333,4203.200666666667
1992-07-01,4.0,3.7,9732.979,61.898019999999995,1024.162,4226.971
1992-08-01,4.066666666666666,3.9333333333333336,9766.822666666667,62.106199999999994,1035.4286666666667,4253.715666666666
1992-09-01,4.133333333333334,4.166666666666667,9800.666333333333,62.31438,1046.6953333333333,4280.460333333333
1992-10-01,4.2,4.4,9834.51,62.52256,1057.962,4307.205
1992-11-01,3.033333333333333,4.033333333333333,9839.997666666666,62.637229999999995,1066.5843333333332,4321.308333333333
1992-12-01,1.8666666666666667,3.6666666666666665,9845.485333333334,62.7519,1075.2066666666667,4335.411666666667
1993-01-01,0.7,3.3,9850.973,62.866569999999996,1083.829,4349.515
1993-02-01,1.2333333333333334,3.1333333333333333,9870.097666666667,63.21612666666667,1087.379,4372.537
1993-03-01,1.7666666666666666,2.9666666666666663,9889.222333333333,63.56568333333333,1090.929,4395.559
1993-04-01,2.3,2.8,9908.347,63.915240000000004,1094.479,4418.581
1993-05-01,2.1666666666666665,2.6333333333333333,9924.111666666666,63.977136666666674,1094.9366666666667,4441.450333333333
1993-06-01,2.033333333333333,2.4666666666666663,9939.876333333334,64.03903333333334,1095.3943333333332,4464.319666666667
1993-07-01,1.9,2.3,9955.641,64.10093,1095.8519999999999,4487.189
1993-08-01,3.133333333333333,2.4,10000.777,64.29015666666668,1114.9486666666667,4509.009666666667
1993-09-01,4.366666666666666,2.5,10045.913,64.47938333333333,1134.0453333333332,4530.830333333333
1993-10-01,5.6,2.6,10091.049,64.66861,1153.142,4552.651
1993-11-01,5.033333333333333,2.8666666666666667,10123.684000000001,64.54810333333333,1169.3196666666668,4575.508333333333
1993-12-01,4.466666666666667,3.1333333333333333,10156.319,64.42759666666667,1185.4973333333332,4598.365666666667
1994-01-01,3.9,3.4,10188.954,64.30709,1201.675,4621.223
1994-02-01,4.433333333333334,3.6666666666666665,10234.975666666667,64.24044666666667,1222.766,4641.8696666666665
1994-03-01,4.966666666666667,3.9333333333333336,10280.997333333333,64.17380333333332,1243.857,4662.516333333333
1994-04-01,5.5,4.2,10327.019,64.10716,1264.948,4683.163
1994-05-01,4.466666666666667,4.233333333333333,10347.14,64.07535999999999,1260.5483333333334,4706.362333333333
1994-06-01,3.433333333333333,4.266666666666667,10367.261,64.04356,1256.1486666666667,4729.5616666666665
1994-07-01,2.4,4.3,10387.382,64.01176,1251.749,4752.7609999999995
1994-08-01,3.1666666666666665,4.233333333333333,10427.045333333333,64.13645333333334,1270.3546666666666,4777.411666666666
1994-09-01,3.9333333333333336,4.166666666666666,10466.708666666666,64.26114666666666,1288.9603333333334,4802.062333333333
1994-10-01,4.7,4.1,10506.372,64.38584,1307.566,4826.713
1994-11-01,3.6,3.9,10518.795999999998,64.47813000000001,1314.2393333333334,4838.620666666667
1994-12-01,2.5,3.6999999999999997,10531.22,64.57042,1320.9126666666666,4850.528333333333
1995-01-01,1.4,3.5,10543.643999999998,64.66271,1327.586,4862.436
1995-02-01,1.3333333333333333,3.1333333333333333,10554.129333333332,64.87945333333333,1319.72,4886.160333333333
1995-03-01,1.2666666666666666,2.7666666666666666,10564.614666666666,65.09619666666667,1311.854,4909.884666666667
1995-04-01,1.2,2.4,10575.1,65.31294,1303.988,4933.609
1995-05-01,1.9666666666666666,2.5,10605.086666666666,65.12164666666666,1303.7413333333334,4955.293333333334
1995-06-01,2.7333333333333334,2.6,10635.073333333334,64.93035333333333,1303.4946666666667,4976.977666666667
1995-07-01,3.5,2.7,10665.06,64.73906,1303.248,4998.662
1995-08-01,3.2333333333333334,2.5333333333333337,10689.199333333334,64.55364666666667,1313.877,5017.659666666666
1995-09-01,2.966666666666667,2.3666666666666667,10713.338666666667,64.36823333333332,1324.506,5036.657333333334
1995-10-01,2.7,2.2,10737.478000000001,64.18281999999999,1335.135,5055.655
1995-11-01,2.8000000000000003,2.3333333333333335,10764.284000000001,64.46911666666666,1341.8743333333332,5080.641666666666
1995-12-01,2.9,2.466666666666667,10791.09,64.75541333333332,1348.6136666666666,5105.628333333333
1996-01-01,3.0,2.6,10817.896,65.04171,1355.3529999999998,5130.615
1996-02-01,4.266666666666667,3.066666666666667,10878.038,64.77770666666666,1376.3646666666666,5160.576333333333
1996-03-01,5.533333333333333,3.533333333333333,10938.18,64.51370333333334,1397.3763333333332,5190.537666666666
1996-04-01,6.8,4.0,10998.322,64.2497,1418.388,5220.499
1996-05-01,5.733333333333333,4.033333333333333,11031.206666666667,64.25136333333333,1437.042,5238.501
1996-06-01,4.666666666666666,4.066666666666666,11064.091333333334,64.25302666666667,1455.696,5256.503
1996-07-01,3.6,4.1,11096.976,64.25469,1474.35,5274.505
1996-08-01,3.8000000000000003,4.2,11135.385666666667,64.31878333333333,1476.2759999999998,5300.591
1996-09-01,4.0,4.3,11173.795333333333,64.38287666666666,1478.202,5326.677000000001
1996-10-01,4.2,4.4,11212.205,64.44697,1480.128,5352.763000000001
1996-11-01,3.666666666666667,4.366666666666667,11236.332333333334,64.41274,1494.22,5379.543666666667
1996-12-01,3.1333333333333337,4.333333333333333,11260.459666666666,64.37850999999999,1508.312,5406.324333333333
1997-01-01,2.6,4.3,11284.587,64.34428,1522.404,5433.105
1997-02-01,4.0,4.3,11347.103666666666,63.93254333333333,1545.0086666666666,5445.825666666667
1997-03-01,5.3999999999999995,4.3,11409.620333333332,63.520806666666665,1567.6133333333332,5458.546333333333
1997-04-01,6.8,4.3,11472.136999999999,63.109069999999996,1590.2179999999998,5471.267
1997-05-01,6.233333333333333,4.433333333333334,11519.97,62.90174333333333,1601.8956666666666,5507.237666666667
1997-06-01,5.666666666666666,4.566666666666666,11567.803,62.69441666666667,1613.5733333333333,5543.208333333333
1997-07-01,5.1,4.7,11615.636,62.48709,1625.251,5579.179
1997-08-01,4.566666666666666,4.633333333333334,11648.888333333334,62.5815,1631.677,5607.322666666667
1997-09-01,4.033333333333333,4.566666666666666,11682.140666666666,62.67591,1638.103,5635.466333333333
1997-10-01,3.5,4.5,11715.393,62.77032,1644.529,5663.61
1997-11-01,3.6999999999999997,4.633333333333334,11754.424,62.683506666666666,1667.1273333333334,5682.853999999999
1997-12-01,3.9,4.766666666666667,11793.455,62.596693333333334,1689.7256666666665,5702.098
1998-01-01,4.1,4.9,11832.486,62.50988,1712.3239999999998,5721.342
1998-02-01,3.9999999999999996,4.633333333333334,11869.001333333334,62.290573333333334,1706.8069999999998,5758.416666666666
1998-03-01,3.9,4.366666666666666,11905.516666666666,62.071266666666666,1701.29,5795.491333333333
1998-04-01,3.8,4.1,11942.032,61.85196,1695.773,5832.566
1998-05-01,4.233333333333333,4.1,11991.892666666667,61.430283333333335,1711.0563333333332,5863.992666666666
1998-06-01,4.666666666666666,4.1,12041.753333333332,61.008606666666665,1726.3396666666665,5895.419333333333
1998-07-01,5.1,4.1,12091.614,60.58693,1741.6229999999998,5926.846
1998-08-01,5.6,4.366666666666666,12156.742666666667,60.52694,1760.07,5960.643333333333
1998-09-01,6.1,4.633333333333334,12221.871333333333,60.46695,1778.5169999999998,5994.440666666666
1998-10-01,6.6,4.9,12287.0,60.40696,1796.964,6028.238
1998-11-01,5.666666666666666,4.866666666666667,12325.764333333333,60.275753333333334,1815.6636666666666,6053.002666666666
1998-12-01,4.733333333333333,4.833333333333333,12364.528666666667,60.14454666666666,1834.3633333333332,6077.767333333333
1999-01-01,3.8,4.8,12403.293,60.01334,1853.0629999999999,6102.531999999999
1999-02-01,3.5666666666666664,4.766666666666667,12435.093333333332,59.74391333333333,1851.489,6143.4546666666665
1999-03-01,3.3333333333333335,4.733333333333333,12466.893666666667,59.474486666666664,1849.915,6184.377333333333
1999-04-01,3.1,4.7,12498.694,59.205059999999996,1848.3410000000001,6225.3
1999-05-01,3.8333333333333335,4.7,12553.257666666666,58.94382333333333,1863.4723333333334,6259.836
1999-06-01,4.566666666666666,4.7,12607.821333333333,58.682586666666666,1878.6036666666666,6294.372
1999-07-01,5.3,4.7,12662.385,58.42135,1893.735,6328.908
1999-08-01,5.866666666666666,4.733333333333333,12734.121000000001,58.396906666666666,1913.5223333333333,6372.463000000001
1999-09-01,6.433333333333334,4.766666666666667,12805.857,58.37246333333333,1933.3096666666668,6416.018
1999-10-01,7.0,4.8,12877.593,58.34802,1953.0970000000002,6459.573
1999-11-01,5.166666666666667,4.6,12893.121666666666,58.13782333333334,1952.2813333333336,6510.914333333333
1999-12-01,3.3333333333333335,4.4,12908.650333333333,57.92762666666667,1951.4656666666667,6562.255666666667
2000-01-01,1.5,4.2,12924.178999999998,57.71743000000001,1950.65,6613.597
2000-02-01,3.5,4.566666666666666,13003.066666666666,56.973330000000004,1992.362,6644.902666666667
2000-03-01,5.5,4.933333333333334,13081.954333333331,56.22923000000001,2034.074,6676.208333333333
2000-04-01,7.5,5.3,13160.841999999999,55.485130000000005,2075.786,6707.514
2000-05-01,5.166666666666666,4.8999999999999995,13166.701,55.31785000000001,2070.5136666666667,6743.465666666667
2000-06-01,2.833333333333333,4.5,13172.56,55.15057,2065.2413333333334,6779.417333333334
2000-07-01,0.5,4.1,13178.419,54.983290000000004,2059.969,6815.369000000001
2000-08-01,1.1666666666666665,3.733333333333333,13205.781333333334,54.73581,2062.3883333333333,6847.611000000001
2000-09-01,1.8333333333333333,3.3666666666666667,13233.143666666667,54.488330000000005,2064.807666666667,6879.853
2000-10-01,2.5,3.0,13260.506000000001,54.24085,2067.2270000000003,6912.095
2000-11-01,1.3,2.7666666666666666,13247.900666666668,54.53736666666667,2035.2623333333336,6937.026333333333
2000-12-01,0.10000000000000009,2.533333333333333,13235.295333333333,54.83388333333333,2003.2976666666666,6961.957666666667
2001-01-01,-1.1,2.3,13222.69,55.1304,1971.3329999999999,6986.889
2001-02-01,0.06666666666666665,1.9,13248.454666666667,54.766153333333335,1971.8996666666665,7003.371666666667
2001-03-01,1.2333333333333334,1.5,13274.219333333333,54.40190666666666,1972.4663333333333,7019.854333333333
2001-04-01,2.4,1.1,13299.983999999999,54.037659999999995,1973.033,7036.3369999999995
2001-05-01,1.0333333333333334,0.9,13281.583999999999,54.29396,1963.6583333333333,7045.776333333333
2001-06-01,-0.33333333333333304,0.7,13263.184,54.550259999999994,1954.2836666666665,7055.215666666666
2001-07-01,-1.7,0.5,13244.784,54.80656,1944.9089999999999,7064.655
2001-08-01,-0.7666666666666667,0.4,13256.809,55.122056666666666,1913.3029999999999,7101.322
2001-09-01,0.16666666666666652,0.30000000000000004,13268.833999999999,55.437553333333334,1881.6970000000001,7137.989
2001-10-01,1.1,0.2,13280.858999999999,55.75305,1850.0910000000001,7174.656
2001-11-01,1.9,0.5666666666666667,13319.573333333332,55.72481666666667,1870.9470000000001,7186.417333333333
2001-12-01,2.7,0.9333333333333333,13358.287666666667,55.69658333333333,1891.8029999999999,7198.178666666667
2002-01-01,3.5,1.3,13397.002,55.66835,1912.6589999999999,7209.94
2002-02-01,3.1333333333333333,1.3,13424.052,55.859296666666665,1919.5333333333333,7240.664
2002-03-01,2.7666666666666666,1.3,13451.102,56.050243333333334,1926.4076666666667,7271.387999999999
2002-04-01,2.4,1.3,13478.152,56.24119,1933.2820000000002,7302.111999999999
2002-05-01,2.2,1.6,13498.125333333333,56.38121666666667,1933.2536666666667,7331.722333333333
2002-06-01,2.0,1.9000000000000001,13518.098666666667,56.52124333333333,1933.2253333333335,7361.332666666666
2002-07-01,1.8,2.2,13538.072,56.661269999999995,1933.1970000000001,7390.943
2002-08-01,1.4,2.166666666666667,13545.058666666666,57.06012,1936.3083333333334,7416.545
2002-09-01,0.9999999999999999,2.1333333333333333,13552.045333333333,57.458969999999994,1939.4196666666667,7442.147
2002-10-01,0.6,2.1,13559.032,57.85782,1942.531,7467.749
2002-11-01,1.1333333333333333,2.0,13584.105666666666,57.828736666666664,1948.4276666666667,7497.092
2002-12-01,1.6666666666666665,1.9000000000000001,13609.179333333333,57.799653333333325,1954.3243333333332,7526.435
2003-01-01,2.2,1.8,13634.253,57.77056999999999,1960.221,7555.778
2003-02-01,2.6333333333333333,1.8666666666666667,13673.349666666667,58.16719333333333,1964.276,7584.718666666667
2003-03-01,3.066666666666667,1.9333333333333333,13712.446333333333,58.56381666666667,1968.331,7613.659333333334
2003-04-01,3.5,2.0,13751.543,58.960440000000006,1972.386,7642.6
2003-05-01,4.666666666666667,2.433333333333333,13829.386333333334,58.85432000000001,1996.3586666666665,7695.924333333333
2003-06-01,5.833333333333334,2.8666666666666667,13907.229666666666,58.748200000000004,2020.3313333333333,7749.248666666667
2003-07-01,7.0,3.3,13985.073,58.64208000000001,2044.3039999999999,7802.573
2003-08-01,6.233333333333333,3.6333333333333333,14038.597,58.91458666666667,2073.3063333333334,7832.210333333333
2003-09-01,5.466666666666667,3.9666666666666663,14092.121000000001,59.18709333333334,2102.308666666667,7861.847666666667
2003-10-01,4.7,4.3,14145.645,59.4596,2131.311,7891.485
2003-11-01,3.8666666666666667,4.3,14170.812333333333,59.58091666666667,2138.8913333333335,7936.905
2003-12-01,3.033333333333333,4.3,14195.979666666666,59.70223333333333,2146.471666666667,7982.325
2004-01-01,2.2,4.3,14221.146999999999,59.82355,2154.052,8027.745
2004-02-01,2.5,4.266666666666667,14257.272333333332,59.90698333333333,2190.237,8062.831666666667
2004-03-01,2.8000000000000003,4.233333333333333,14293.397666666668,59.99041666666667,2226.422,8097.918333333333
2004-04-01,3.1,4.2,14329.523000000001,60.07385,2262.607,8133.005
2004-05-01,3.3333333333333335,3.9333333333333336,14374.676666666666,60.04123666666666,2281.162,8176.784
2004-06-01,3.5666666666666664,3.6666666666666665,14419.830333333333,60.00862333333333,2299.717,8220.562999999998
2004-07-01,3.8,3.4,14464.983999999999,59.976009999999995,2318.272,8264.341999999999
2004-08-01,3.9,3.3666666666666667,14513.281333333332,60.20411333333333,2342.208666666667,8318.080333333332
2004-09-01,3.9999999999999996,3.333333333333333,14561.578666666666,60.43221666666666,2366.1453333333334,8371.818666666666
2004-10-01,4.1,3.3,14609.876,60.66032,2390.0820000000003,8425.556999999999
2004-11-01,4.233333333333333,3.5,14663.784666666666,60.754016666666665,2422.0773333333336,8458.023
2004-12-01,4.366666666666666,3.6999999999999997,14717.693333333333,60.84771333333333,2454.0726666666665,8490.489
2005-01-01,4.5,3.9,14771.601999999999,60.94141,2486.0679999999998,8522.955
2005-02-01,3.6333333333333333,3.8,14794.328666666666,60.86123,2482.87,8572.446
2005-03-01,2.7666666666666666,3.7,14817.055333333332,60.78104999999999,2479.672,8621.937
2005-04-01,1.9,3.6,14839.782,60.700869999999995,2476.474,8671.428
2005-05-01,2.466666666666667,3.566666666666667,14883.872666666666,60.58641333333333,2494.674666666667,8730.686333333333
2005-06-01,3.033333333333333,3.533333333333333,14927.963333333331,60.471956666666664,2512.8753333333334,8789.944666666668
2005-07-01,3.6,3.5,14972.053999999998,60.3575,2531.076,8849.203000000001
2005-08-01,3.2666666666666666,3.3666666666666667,15003.568333333333,60.66592333333333,2569.1383333333333,8881.097000000002
2005-09-01,2.9333333333333336,3.2333333333333334,15035.082666666665,60.97434666666666,2607.2006666666666,8912.991
2005-10-01,2.6,3.1,15066.597,61.28276999999999,2645.263,8944.885
2005-11-01,3.5333333333333337,3.2,15133.406666666668,61.36678666666666,2666.755333333333,8993.474
2005-12-01,4.466666666666667,3.3,15200.216333333334,61.450803333333326,2688.2476666666666,9042.063
2006-01-01,5.4,3.4,15267.026000000002,61.534819999999996,2709.74,9090.652
2006-02-01,3.9000000000000004,3.3,15278.919000000002,61.435723333333335,2709.577333333333,9130.516333333333
2006-03-01,2.4000000000000004,3.2,15290.812,61.33662666666667,2709.4146666666666,9170.380666666668
2006-04-01,0.9,3.1,15302.705,61.23753000000001,2709.252,9210.245
2006-05-01,0.8,2.8666666666666667,15310.592666666667,61.273293333333335,2709.308,9251.173
2006-06-01,0.7,2.6333333333333333,15318.480333333333,61.30905666666667,2709.364,9292.101
2006-07-01,0.6,2.4,15326.368,61.34482,2709.42,9333.029
2006-08-01,1.5666666666666667,2.466666666666667,15369.888,61.50893666666666,2698.082,9357.837000000001
2006-09-01,2.533333333333333,2.533333333333333,15413.408,61.67305333333333,2686.744,9382.645
2006-10-01,3.5,2.6,15456.928,61.83716999999999,2675.406,9407.453000000001
2006-11-01,2.6333333333333333,2.2333333333333334,15469.061333333333,61.98611333333333,2671.702333333333,9454.779
2006-12-01,1.7666666666666666,1.8666666666666667,15481.194666666668,62.135056666666664,2667.998666666667,9502.105000000001
2007-01-01,0.9,1.5,15493.328000000001,62.284,2664.295,9549.431
2007-02-01,1.3666666666666667,1.6,15522.913666666667,62.07487,2675.9356666666667,9581.200666666668
2007-03-01,1.8333333333333333,1.7,15552.499333333333,61.86574,2687.5763333333334,9612.970333333333
2007-04-01,2.3,1.8,15582.085,61.65661,2699.217,9644.74
2007-05-01,2.2666666666666666,1.9333333333333333,15610.302666666666,61.761786666666666,2694.801,9681.093
2007-06-01,2.2333333333333334,2.066666666666667,15638.520333333334,61.86696333333334,2690.385,9717.446
2007-07-01,2.2,2.2,15666.738000000001,61.97214,2685.969,9753.799
2007-08-01,2.3000000000000003,2.1333333333333333,15698.481,62.26895666666667,2671.499333333333,9795.116666666667
2007-09-01,2.4,2.066666666666667,15730.224,62.56577333333334,2657.029666666667,9836.434333333335
2007-10-01,2.5,2.0,15761.966999999999,62.862590000000004,2642.56,9877.752
2007-11-01,0.9000000000000001,1.7,15731.772333333332,63.38035,2616.2736666666665,9896.585666666668
2007-12-01,-0.6999999999999997,1.4,15701.577666666666,63.89811,2589.9873333333335,9915.419333333333
2008-01-01,-2.3,1.1,15671.383,64.41587,2563.701,9934.253
2008-02-01,-0.833333333333333,1.1,15698.358,64.31420333333332,2555.999,9973.783000000001
2008-03-01,0.6333333333333337,1.1,15725.333,64.21253666666667,2548.297,10013.313
2008-04-01,2.1,1.1,15752.308,64.11086999999999,2540.595,10052.843
2008-05-01,0.7,0.7333333333333334,15723.882666666666,65.26523666666665,2526.4773333333333,10062.216666666667
2008-06-01,-0.7000000000000002,0.3666666666666667,15695.457333333334,66.41960333333333,2512.3596666666667,10071.590333333334
2008-07-01,-2.1,0.0,15667.032,67.57396999999999,2498.242,10080.964
2008-08-01,-4.2,-0.9333333333333332,15554.030333333332,69.54597333333332,2434.799666666667,9999.729666666666
2008-09-01,-6.300000000000001,-1.8666666666666665,15441.028666666667,71.51797666666667,2371.3573333333334,9918.495333333334
2008-10-01,-8.4,-2.8,15328.027,73.48998,2307.915,9837.261
2008-11-01,-7.066666666666667,-2.9666666666666663,15270.664666666667,74.75988666666667,2210.236,9810.216
2008-12-01,-5.733333333333334,-3.1333333333333333,15213.302333333333,76.02979333333333,2112.557,9783.171
2009-01-01,-4.4,-3.3,15155.94,77.2997,2014.878,9756.126
2009-02-01,-3.1333333333333337,-3.5,15148.665666666668,78.3461,1964.4686666666666,9757.489333333333
2009-03-01,-1.8666666666666667,-3.6999999999999997,15141.391333333333,79.3925,1914.0593333333334,9758.852666666668
2009-04-01,-0.6,-3.9,15134.117,80.4389,1863.65,9760.216
2009-05-01,0.10000000000000009,-3.6,15152.485333333334,81.15614666666667,1856.2386666666669,9805.277666666667
2009-06-01,0.8000000000000002,-3.3,15170.853666666666,81.87339333333334,1848.8273333333334,9850.339333333333
2009-07-01,1.5,-3.0,15189.222,82.59064000000001,1841.4160000000002,9895.401
2009-08-01,2.5,-1.9333333333333333,15244.834,83.11468666666667,1893.8473333333334,9915.964666666667
2009-09-01,3.5,-0.8666666666666667,15300.446,83.63873333333333,1946.2786666666668,9936.528333333332
2009-10-01,4.5,0.2,15356.058,84.16278,1998.71,9957.091999999999
2009-11-01,3.5,0.7,15375.753666666667,85.03051333333333,2011.8603333333333,9984.889666666666
2009-12-01,2.5,1.2,15395.449333333334,85.89824666666667,2025.0106666666668,10012.687333333333
2010-01-01,1.5,1.7,15415.145,86.76598,2038.161,10040.485
2010-02-01,2.2333333333333334,2.0666666666666664,15462.522333333334,87.32655666666666,2075.039,10070.912333333334
2010-03-01,2.966666666666667,2.433333333333333,15509.899666666666,87.88713333333334,2111.917,10101.339666666667
2010-04-01,3.7,2.8,15557.277,88.44771,2148.795,10131.767
2010-05-01,3.466666666666667,2.933333333333333,15595.507,88.94236666666667,2178.028333333333,10161.38
2010-06-01,3.2333333333333334,3.066666666666667,15633.737,89.43702333333333,2207.2616666666668,10190.993
2010-07-01,3.0,3.2,15671.966999999999,89.93168,2236.495,10220.606
2010-08-01,2.6666666666666665,3.0,15698.186333333333,90.62908,2237.1433333333334,10263.898666666666
2010-09-01,2.3333333333333335,2.8000000000000003,15724.405666666666,91.32648,2237.7916666666665,10307.191333333334
2010-10-01,2.0,2.6,15750.625,92.02388,2238.44,10350.484
2010-11-01,1.0,2.3666666666666667,15738.001333333334,92.46765,2227.614,10395.442000000001
2010-12-01,0.0,2.1333333333333333,15725.377666666665,92.91142,2216.788,10440.4
2011-01-01,-1.0,1.9,15712.753999999999,93.35519000000001,2205.962,10485.358
2011-02-01,0.30000000000000004,1.8333333333333333,15750.201333333333,93.08972666666668,2236.4253333333336,10527.613666666666
2011-03-01,1.6,1.7666666666666666,15787.648666666668,92.82426333333333,2266.8886666666667,10569.869333333334
2011-04-01,2.9,1.7,15825.096000000001,92.5588,2297.3520000000003,10612.125
2011-05-01,1.9,1.4333333333333333,15823.630666666668,93.32567666666667,2305.8480000000004,10643.205666666667
2011-06-01,0.8999999999999999,1.1666666666666665,15822.165333333334,94.09255333333334,2314.344,10674.286333333333
2011-07-01,-0.1,0.9,15820.7,94.85943,2322.84,10705.367
2011-08-01,1.4999999999999998,1.1333333333333333,15881.835666666668,95.36272333333334,2383.258333333333,10724.106666666667
2011-09-01,3.0999999999999996,1.3666666666666667,15942.971333333333,95.86601666666667,2443.6766666666667,10742.846333333335
2011-10-01,4.7,1.6,16004.107,96.36931,2504.095,10761.586000000001
2011-11-01,4.2,1.9666666666666668,16045.877333333334,96.71968666666666,2525.313333333333,10815.204666666667
2011-12-01,3.7,2.3333333333333335,16087.647666666666,97.07006333333334,2546.5316666666668,10868.823333333334
2012-01-01,3.2,2.7,16129.418,97.42044,2567.75,10922.442
2012-02-01,2.7,2.6,16152.547666666665,97.66692333333333,2590.7876666666666,10936.580666666667
2012-03-01,2.2,2.5,16175.677333333333,97.91340666666667,2613.825333333333,10950.719333333333
2012-04-01,1.7,2.4,16198.806999999999,98.15989,2636.863,10964.858
2012-05-01,1.3,2.433333333333333,16206.093666666666,98.38182,2639.2816666666668,10981.320333333333
2012-06-01,0.9,2.466666666666667,16213.380333333333,98.60375,2641.700333333333,10997.782666666668
2012-07-01,0.5,2.5,16220.667,98.82568,2644.119,11014.245
2012-08-01,0.5,2.1666666666666665,16226.824,99.36763333333334,2642.1733333333336,11051.400333333335
2012-09-01,0.5,1.8333333333333335,16232.981,99.90958666666667,2640.2276666666667,11088.555666666667
2012-10-01,0.5,1.5,16239.138,100.45154000000001,2638.282,11125.711000000001
2012-11-01,1.5333333333333334,1.5333333333333334,16287.08,100.70697000000001,2671.6,11158.200666666668
2012-12-01,2.566666666666667,1.5666666666666667,16335.022,100.9624,2704.918,11190.690333333334
2013-01-01,3.6,1.6,16382.964,101.21783,2738.236,11223.18
2013-02-01,2.5666666666666664,1.5,16389.702666666668,101.01302,2750.5826666666667,11228.650666666666
2013-03-01,1.5333333333333332,1.4000000000000001,16396.441333333332,100.80821,2762.929333333333,11234.121333333333
2013-04-01,0.5,1.3,16403.18,100.6034,2775.276,11239.591999999999
2013-05-01,1.4,1.5,16446.015,100.18352,2810.182333333333,11270.043333333333
2013-06-01,2.3,1.7,16488.850000000002,99.76364,2845.0886666666665,11300.494666666667
2013-07-01,3.2,1.9,16531.685,99.34376,2879.995,11330.946000000002
2013-08-01,3.2,2.1333333333333333,16575.673,99.70491333333334,2890.1786666666667,11379.005000000001
2013-09-01,3.2,2.3666666666666667,16619.661,100.06606666666666,2900.362333333333,11427.064
2013-10-01,3.2,2.6,16663.648999999998,100.42721999999999,2910.546,11475.123
2013-11-01,1.8,2.2333333333333334,16649.664666666664,101.25598333333333,2907.575,11508.042333333333
2013-12-01,0.3999999999999999,1.8666666666666667,16635.680333333334,102.08474666666666,2904.604,11540.961666666668
2014-01-01,-1.0,1.5,16621.696,102.91351,2901.633,11573.881000000001
2014-02-01,1.0333333333333332,1.8666666666666667,16691.167666666668,102.33800000000001,2944.018,11634.594666666668
2014-03-01,3.0666666666666664,2.2333333333333334,16760.639333333333,101.76249,2986.403,11695.308333333332
2014-04-01,5.1,2.6,16830.111,101.18698,3028.788,11756.021999999999
2014-05-01,5.033333333333333,2.7333333333333334,16897.931333333334,100.98740000000001,3052.1893333333333,11810.926
2014-06-01,4.966666666666667,2.8666666666666667,16965.751666666667,100.78782,3075.590666666667,11865.829999999998
2014-07-01,4.9,3.0,17033.572,100.58824,3098.992,11920.733999999999
2014-08-01,3.9000000000000004,2.9,17060.363,100.95833333333333,3108.099,11962.32
2014-09-01,2.9,2.8000000000000003,17087.154,101.32842666666667,3117.206,12003.905999999999
2014-10-01,1.9,2.7,17113.945,101.69852,3126.313,12045.492
2014-11-01,2.3666666666666667,3.066666666666667,17160.878,101.46926,3156.4686666666666,12062.178333333333
2014-12-01,2.833333333333333,3.433333333333333,17207.810999999998,101.24,3186.6243333333337,12078.864666666668
2015-01-01,3.3,3.8,17254.744,101.01074,3216.78,12095.551000000001
2015-02-01,3.3,3.6666666666666665,17302.172333333332,100.54705,3219.835666666667,12149.281666666668
2015-03-01,3.3,3.533333333333333,17349.600666666665,100.08336,3222.8913333333335,12203.012333333334
2015-04-01,3.3,3.4,17397.029,99.61967,3225.947,12256.743
2015-05-01,2.533333333333333,3.0666666666666664,17410.95333333333,99.41826999999999,3227.1716666666666,12298.075333333334
2015-06-01,1.7666666666666666,2.7333333333333334,17424.877666666667,99.21687,3228.396333333333,12339.407666666666
2015-07-01,1.0,2.4,17438.802,99.01547,3229.6209999999996,12380.74
2015-08-01,0.8,2.2666666666666666,17444.609666666667,100.37483999999999,3211.5926666666664,12402.188333333334
2015-09-01,0.6000000000000001,2.1333333333333333,17450.41733333333,101.73421,3193.564333333333,12423.636666666665
2015-10-01,0.4,2.0,17456.225,103.09358,3175.5359999999996,12445.085
2015-11-01,0.7666666666666667,1.8666666666666667,17478.608,103.61199666666667,3164.392,12472.225999999999
2015-12-01,1.1333333333333333,1.7333333333333334,17500.990999999998,104.13041333333334,3153.248,12499.367
2016-01-01,1.5,1.6,17523.374,104.64883,3142.1040000000003,12526.508
2016-02-01,1.7666666666666666,1.5,17556.411333333333,104.42402333333334,3145.4590000000003,12586.507
2016-03-01,2.033333333333333,1.4000000000000001,17589.448666666667,104.19921666666666,3148.8140000000003,12646.506
2016-04-01,2.3,1.3,17622.486,103.97440999999999,3152.1690000000003,12706.505
2016-05-01,2.1666666666666665,1.3666666666666667,17650.559,104.02161333333332,3154.01,12752.72
2016-06-01,2.033333333333333,1.4333333333333333,17678.632,104.06881666666666,3155.851,12798.935
2016-07-01,1.9,1.5,17706.705,104.11601999999999,3157.692,12845.15
2016-08-01,1.8666666666666667,1.6333333333333333,17732.53166666667,104.49606999999999,3180.989666666667,12893.235333333334
2016-09-01,1.8333333333333333,1.7666666666666666,17758.358333333334,104.87612,3204.287333333333,12941.320666666667
2016-10-01,1.8,1.9,17784.185,105.25617,3227.585,12989.406
2016-11-01,1.8,1.9,17810.464333333333,104.69370666666667,3244.5943333333335,13030.976666666667
2016-12-01,1.8,1.9,17836.74366666667,104.13124333333333,3261.6036666666664,13072.547333333334
2017-01-01,1.8,1.9,17863.023,103.56878,3278.613,13114.118
2017-02-01,2.2,1.9666666666666666,17907.065333333336,103.21502333333333,3298.372,13153.807333333334
2017-03-01,2.6,2.033333333333333,17951.107666666667,102.86126666666667,3318.131,13193.496666666668
2017-04-01,3.0,2.1,17995.15,102.50751,3337.89,13233.186000000002
2017-05-01,2.933333333333333,2.1666666666666665,18037.04766666667,102.78940333333333,3363.2296666666666,13275.161000000002
2017-06-01,2.8666666666666667,2.2333333333333334,18078.945333333333,103.07129666666667,3388.5693333333334,13317.136
2017-07-01,2.8,2.3,18120.843,103.35319,3413.909,13359.111
2017-08-01,2.6333333333333333,2.3666666666666667,18155.148,103.34633,3423.0883333333336,13432.478333333334
2017-09-01,2.4666666666666663,2.433333333333333,18189.453,103.33947,3432.2676666666666,13505.845666666666
2017-10-01,2.3,2.5,18223.758,103.33261,3441.447,13579.213
2017-11-01,2.2666666666666666,2.533333333333333,18257.159666666666,103.96582,3475.5596666666665,13612.675333333333
2017-12-01,2.2333333333333334,2.566666666666667,18290.561333333335,104.59903,3509.6723333333334,13646.137666666667
2018-01-01,2.2,2.6,18323.963,105.23223999999999,3543.785,13679.6
2018-02-01,2.8666666666666667,2.7,18386.500666666667,104.76706333333333,3555.696,13744.938666666667
2018-03-01,3.533333333333333,2.8,18449.038333333334,104.30188666666666,3567.607,13810.277333333335
2018-04-01,4.2,2.9,18511.576,103.83671,3579.518,13875.616000000002
2018-05-01,3.9333333333333336,2.933333333333333,18562.708333333336,103.94201,3623.258333333333,13933.899666666668
2018-06-01,3.6666666666666665,2.966666666666667,18613.840666666667,104.04731,3666.998666666667,13992.183333333332
2018-07-01,3.4,3.0,18664.973,104.15261,3710.739,14050.466999999999
2018-08-01,3.0,3.0,18698.40066666667,104.54003,3729.251333333333,14096.437333333333
2018-09-01,2.6,3.0,18731.828333333335,104.92745,3747.7636666666667,14142.407666666666
2018-10-01,2.2,3.0,18765.256,105.31487,3766.276,14188.378
